人民币,长江传媒,广电网络,中文传媒,时代出版,春兰股份,厦华电子,惠而浦,澳柯玛,均胜电子,曙光股份,易见股份,海正药业,中恒集团,复星医药,江苏吴中,大唐电信,大恒科技,信威集团,康欣新材
0.0,0.0,0.0,0.0,0.0,0.0,1.0,1.694704623704241e-36,0.0,1.0555851304812e-13,0.0,0.0,0.0,0.0,0.0,0.0,0.0,0.0,3.2115627542731625e-26,0.0
0.0,0.0,0.0,0.0,0.0,2.2665216448879195e-32,1.1988491678494029e-05,7.696528427914018e-07,3.2085349731144656e-33,0.9999872446060181,1.8836933454455714e-23,6.279958612420558e-29,0.0,0.0,0.0,0.0,4.193990441090635e-24,0.0,0.0,0.0
0.0,1.5321224391304765e-33,1.4072086524744348e-35,0.0,1.713685068944776e-25,3.088434499587739e-28,4.560479164444908e-12,0.0009449228527955711,3.2684406270231685e-27,0.9990550875663757,7.172254485867857e-21,1.2515374896792242e-24,1.964490406485904e-37,0.0,2.8197829957581563e-30,0.0,7.347607889999863e-21,0.0,0.0,0.0
0.0,0.0,0.0,0.0,1.0,0.0,0.0,1.947672492036423e-12,0.0,0.0,0.0,0.0,0.0,0.0,0.0,0.0,0.0,0.0,0.0,0.0
0.0,0.0,0.0,0.0,0.0,0.0,1.0,0.0,0.0,5.885739459405534e-17,0.0,0.0,0.0,0.0,1.899800174336395e-33,0.0,0.0,0.0,1.8412573853866128e-19,0.0
0.0,0.0,0.0,0.0,0.0,0.0,1.0,0.0,0.0,5.191289364636592e-19,0.0,0.0,0.0,0.0,0.0,0.0,0.0,0.0,4.181660375498879e-14,0.0
0.0,0.0,0.0,0.0,0.0,0.0,1.0,8.48566779797582e-29,0.0,8.943356055723939e-10,3.9120466344662003e-35,0.0,0.0,0.0,1.2863350797771418e-29,0.0,6.67512278961011e-38,0.0,0.0,0.0
0.0,0.0,0.0,0.0,0.0,0.0,1.0,0.0,0.0,5.958410667658829e-18,0.0,0.0,0.0,0.0,0.0,0.0,0.0,0.0,5.240407832282167e-29,0.0
0.0,0.0,0.0,0.0,0.0,0.0,1.0,0.0,0.0,5.248891540620143e-21,0.0,0.0,0.0,0.0,0.0,0.0,0.0,0.0,1.987049910911485e-34,0.0
0.0,0.0,0.0,0.0,0.0,0.0,1.0,0.0,0.0,1.109312675965095e-15,0.0,0.0,0.0,0.0,0.0,0.0,0.0,0.0,3.0601366632580733e-34,0.0
0.0,0.0,0.0,0.0,0.0,0.0,1.0,0.0,0.0,3.3558035027270977e-19,0.0,0.0,0.0,0.0,0.0,0.0,0.0,0.0,3.9826429372273597e-13,0.0
0.0,0.0,0.0,0.0,0.0,0.0,1.0,9.818348133694961e-36,0.0,4.450085699242434e-12,0.0,0.0,0.0,0.0,0.0,0.0,0.0,0.0,1.8180278568749966e-36,0.0
0.0,0.0,0.0,0.0,0.0,0.0,1.6384966029358433e-13,1.4167667927722505e-07,0.0,0.9999998807907104,4.765109913487633e-31,4.752207114898689e-37,0.0,0.0,0.0,0.0,1.03477380619552e-31,0.0,0.0,0.0
0.0,0.0,0.0,0.0,0.0,0.0,6.0474614027770695e-31,0.9995331764221191,0.0,0.000466852099634707,0.0,0.0,0.0,0.0,0.0,0.0,1.3968603839324847e-37,0.0,0.0,0.0
0.0,0.0,0.0,0.0,0.0,0.0,0.0,1.0,0.0,1.3475535249295179e-14,0.0,0.0,0.0,0.0,0.0,0.0,0.0,0.0,0.0,0.0
0.0,0.0,0.0,0.0,0.0,0.0,0.0,1.0,0.0,9.98243405525654e-15,0.0,0.0,0.0,0.0,0.0,0.0,0.0,0.0,0.0,0.0
0.0,0.0,0.0,0.0,0.0,0.0,0.0,1.0,0.0,0.0,0.0,0.0,0.0,0.0,0.0,0.0,0.0,0.0,0.0,0.0
0.0,0.0,0.0,0.0,0.0,0.0,1.0,0.0,0.0,2.8204989459873874e-17,0.0,0.0,0.0,0.0,0.0,0.0,0.0,0.0,0.0,0.0
0.0,0.0,0.0,0.0,0.0,0.0,1.0,0.0,0.0,6.434922681795253e-23,0.0,0.0,0.0,0.0,0.0,0.0,0.0,0.0,7.440722047666611e-18,0.0
0.0,0.0,0.0,0.0,0.0,0.0,1.0,0.0,0.0,1.0001302561189578e-14,0.0,0.0,0.0,0.0,0.0,0.0,0.0,0.0,7.187978977965357e-34,0.0
0.0,0.0,0.0,0.0,0.0,0.0,1.0,0.0,0.0,4.368002053806164e-12,0.0,0.0,0.0,0.0,1.8066308794692116e-25,0.0,0.0,0.0,1.0210321211287577e-28,0.0
0.0,0.0,0.0,0.0,0.0,0.0,1.0,0.0,0.0,4.0524656392503646e-24,0.0,0.0,0.0,0.0,0.0,0.0,0.0,0.0,1.1741570301248805e-20,0.0
0.0,0.0,0.0,0.0,0.0,0.0,1.0,0.0,0.0,3.2498016643216196e-20,0.0,0.0,0.0,0.0,0.0,0.0,0.0,0.0,1.9891501355557024e-27,0.0
0.0,0.0,0.0,0.0,0.0,0.0,1.0,0.0,0.0,3.372715722371392e-28,0.0,0.0,0.0,0.0,0.0,0.0,0.0,0.0,1.5105691330736156e-31,0.0
0.0,0.0,0.0,0.0,0.0,0.0,1.0,0.0,0.0,1.2478654815072863e-17,0.0,0.0,0.0,0.0,0.0,0.0,0.0,0.0,0.0,0.0
0.0,0.0,0.0,0.0,0.0,0.0,1.0,0.0,0.0,6.496087313697546e-16,0.0,0.0,0.0,0.0,0.0,0.0,0.0,0.0,0.0,0.0
0.0,0.0,0.0,0.0,0.0,0.0,1.0,0.0,0.0,1.1307484252694946e-21,0.0,0.0,0.0,0.0,0.0,0.0,0.0,0.0,2.2953108192687246e-29,0.0
0.0,0.0,0.0,0.0,0.0,0.0,1.0,0.0,0.0,3.448133511582793e-26,0.0,0.0,0.0,0.0,0.0,0.0,0.0,0.0,6.600800724184963e-24,0.0
0.0,0.0,0.0,0.0,0.0,0.0,1.0,0.0,0.0,9.115381229026998e-33,0.0,0.0,0.0,0.0,0.0,0.0,0.0,0.0,1.1209312952307563e-35,0.0
0.0,0.0,0.0,0.0,0.0,0.0,1.0,0.0,0.0,1.4273440154859626e-31,0.0,0.0,0.0,0.0,0.0,0.0,0.0,0.0,0.0,0.0
0.0,0.0,0.0,0.0,0.0,0.0,1.0,0.0,0.0,2.3622283806517703e-27,0.0,0.0,0.0,0.0,0.0,0.0,0.0,0.0,0.0,0.0
0.0,0.0,0.0,0.0,0.0,0.0,1.0,0.0,0.0,3.7546784761935685e-36,0.0,0.0,0.0,0.0,0.0,0.0,0.0,0.0,5.030251245424361e-32,0.0
0.0,0.0,0.0,0.0,0.0,0.0,1.0,0.0,0.0,2.9421696371137928e-30,0.0,0.0,0.0,0.0,0.0,0.0,0.0,0.0,0.0,0.0
0.0,0.0,0.0,0.0,0.0,0.0,1.0,0.0,0.0,1.8033372612204226e-20,0.0,0.0,0.0,0.0,0.0,0.0,0.0,0.0,2.8972569641340925e-19,0.0
0.0,0.0,0.0,0.0,0.0,0.0,1.0,0.0,0.0,1.2528692841024636e-24,0.0,0.0,0.0,0.0,0.0,0.0,0.0,0.0,3.124965852085342e-15,0.0
0.0,0.0,0.0,0.0,0.0,0.0,1.0,0.0,0.0,6.7001052044394875e-21,0.0,0.0,0.0,0.0,0.0,0.0,0.0,0.0,0.0,0.0
0.0,0.0,0.0,0.0,0.0,0.0,1.0,0.0,0.0,3.5235377010004374e-20,0.0,0.0,0.0,0.0,0.0,0.0,0.0,0.0,2.9863245334235753e-38,0.0
0.0,0.0,0.0,0.0,0.0,0.0,1.0,0.0,0.0,1.4544963136277782e-24,0.0,0.0,0.0,0.0,0.0,0.0,0.0,0.0,1.1409135564470855e-28,0.0
0.0,0.0,0.0,0.0,0.0,0.0,1.0,0.0,0.0,4.132814857210473e-26,0.0,0.0,0.0,0.0,0.0,0.0,0.0,0.0,8.661845850757288e-30,0.0
0.0,0.0,0.0,0.0,0.0,0.0,1.0,0.0,0.0,1.0166017416534032e-20,0.0,0.0,0.0,0.0,0.0,0.0,0.0,0.0,0.0,0.0
0.0,0.0,0.0,0.0,0.0,0.0,0.9999998807907104,2.6935288839487664e-30,0.0,7.042646643640182e-08,0.0,0.0,0.0,0.0,0.0,0.0,0.0,0.0,0.0,0.0
0.0,0.0,0.0,0.0,0.0,5.549624525917389e-38,9.481358574703336e-05,3.5179788227500397e-13,0.0,0.9999052286148071,1.628060954826722e-29,2.1404964352108375e-35,0.0,0.0,0.0,0.0,1.1056210858184494e-30,0.0,0.0,0.0
0.0,0.0,0.0,0.0,0.0,0.0,1.0,0.0,0.0,2.874262170285731e-18,0.0,0.0,0.0,0.0,0.0,0.0,0.0,0.0,4.351595935825564e-23,0.0
0.0,0.0,0.0,0.0,0.0,0.0,1.0,0.0,0.0,1.17110206081239e-12,0.0,0.0,0.0,0.0,0.0,0.0,0.0,0.0,0.0,0.0
0.0,0.0,0.0,0.0,0.0,0.0,1.0,0.0,0.0,2.1818398260704014e-19,0.0,0.0,0.0,0.0,0.0,0.0,0.0,0.0,0.0,0.0
0.0,0.0,0.0,0.0,0.0,0.0,1.0,0.0,0.0,1.0602637664968696e-22,0.0,0.0,0.0,0.0,0.0,0.0,0.0,0.0,2.1298100263990054e-34,0.0
0.0,0.0,0.0,0.0,0.0,0.0,1.0,0.0,0.0,1.2253305587204736e-19,0.0,0.0,0.0,0.0,0.0,0.0,0.0,0.0,3.6775682307101585e-19,0.0
0.0,0.0,0.0,0.0,0.0,0.0,1.0,0.0,0.0,5.866845595423639e-16,0.0,0.0,0.0,0.0,0.0,0.0,0.0,0.0,5.134313681031823e-19,0.0
0.0,0.0,0.0,0.0,0.0,0.0,1.0,0.0,0.0,5.716100356593069e-21,0.0,0.0,0.0,0.0,0.0,0.0,0.0,0.0,1.031693804485518e-27,0.0
0.0,0.0,0.0,0.0,0.0,0.0,1.0,0.0,0.0,5.689000225679578e-27,0.0,0.0,0.0,0.0,0.0,0.0,0.0,0.0,3.936418228168782e-27,0.0
0.0,0.0,0.0,0.0,0.0,0.0,1.0,0.0,0.0,5.484531701122653e-36,0.0,0.0,0.0,0.0,0.0,0.0,0.0,0.0,4.2268664639157825e-35,0.0
0.0,0.0,0.0,0.0,0.0,0.0,1.0,0.0,0.0,1.4321604073497373e-23,0.0,0.0,0.0,0.0,0.0,0.0,0.0,0.0,0.0,0.0
0.0,0.0,0.0,0.0,0.0,0.0,1.0,0.0,0.0,1.291772058251051e-24,0.0,0.0,0.0,0.0,0.0,0.0,0.0,0.0,0.0,0.0
0.0,0.0,0.0,0.0,0.0,0.0,1.0,0.0,0.0,1.0870181824200762e-31,0.0,0.0,0.0,0.0,0.0,0.0,0.0,0.0,7.895466411799925e-21,0.0
0.0,0.0,0.0,0.0,0.0,0.0,1.0,0.0,0.0,8.700470506000862e-20,0.0,0.0,0.0,0.0,0.0,0.0,0.0,0.0,0.0,0.0
0.0,0.0,0.0,0.0,3.38991505918381e-31,0.0,5.250826696731083e-15,0.010602357797324657,3.883123690669573e-36,0.9893976449966431,1.0916322110287487e-27,3.519415025340559e-33,0.0,0.0,0.0,0.0,3.7330847076162e-27,0.0,0.0,0.0
0.0,0.0,0.0,0.0,0.0,0.0,1.0,8.81821115165951e-37,0.0,2.0561716392031304e-12,0.0,0.0,0.0,0.0,0.0,0.0,0.0,0.0,0.0,0.0
0.0,0.0,0.0,0.0,0.0,0.0,1.0,0.0,0.0,6.904091014170444e-14,0.0,0.0,0.0,0.0,0.0,0.0,0.0,0.0,0.0,0.0
0.0,0.0,0.0,0.0,0.0,0.0,1.0,0.0,0.0,6.228795382085888e-20,0.0,0.0,0.0,0.0,0.0,0.0,0.0,0.0,3.93113521631449e-35,0.0
0.0,0.0,0.0,0.0,0.0,0.0,1.0,0.0,0.0,6.860664980109026e-22,0.0,0.0,0.0,0.0,0.0,0.0,0.0,0.0,0.0,0.0
0.0,0.0,0.0,0.0,0.0,0.0,1.0,0.0,0.0,1.5070007856898566e-16,0.0,0.0,0.0,0.0,0.0,0.0,0.0,0.0,4.697543829472679e-36,0.0
0.0,0.0,0.0,0.0,0.0,0.0,1.0,0.0,0.0,5.621216925093264e-13,0.0,0.0,0.0,0.0,0.0,0.0,0.0,0.0,4.2932661105113396e-35,0.0
0.0,0.0,0.0,0.0,0.0,0.0,1.0,0.0,0.0,2.7422635832666626e-18,0.0,0.0,0.0,0.0,0.0,0.0,0.0,0.0,0.0,0.0
0.0,0.0,0.0,0.0,0.0,0.0,1.0,0.0,0.0,6.867423889857861e-21,0.0,0.0,0.0,0.0,0.0,0.0,0.0,0.0,1.8164610930880043e-36,0.0
0.0,0.0,0.0,0.0,0.0,0.0,1.0,0.0,0.0,2.1640513069974486e-19,0.0,0.0,0.0,0.0,0.0,0.0,0.0,0.0,1.4934260761095287e-31,0.0
0.0,0.0,0.0,0.0,0.0,0.0,1.0,0.0,0.0,6.057927360948043e-17,0.0,0.0,0.0,0.0,0.0,0.0,0.0,0.0,0.0,0.0
0.0,0.0,0.0,0.0,0.0,0.0,1.0,0.0,0.0,3.5581983279001836e-27,0.0,0.0,0.0,0.0,0.0,0.0,0.0,0.0,8.497722924633022e-13,0.0
0.0,0.0,0.0,0.0,0.0,0.0,1.0,0.0,0.0,2.5996648835307458e-24,0.0,0.0,0.0,0.0,0.0,0.0,0.0,0.0,1.724983806593716e-26,0.0
0.0,0.0,0.0,0.0,0.0,0.0,1.0,0.0,0.0,4.3303104989156285e-26,0.0,0.0,0.0,0.0,0.0,0.0,0.0,0.0,2.311992594911007e-34,0.0
0.0,0.0,0.0,0.0,0.0,0.0,6.505519013608884e-30,0.0019275526283308864,0.0,0.9980723857879639,0.0,0.0,0.0,0.0,0.0,0.0,0.0,0.0,0.0,0.0
0.0,0.0,0.0,0.0,0.0,0.0,0.0,1.0,0.0,0.0,0.0,0.0,0.0,0.0,0.0,0.0,0.0,0.0,0.0,0.0
0.0,0.0,0.0,0.0,0.0,0.0,0.0,1.0,0.0,0.0,0.0,0.0,0.0,0.0,0.0,0.0,0.0,0.0,0.0,0.0
0.0,0.0,0.0,0.0,0.0,0.0,0.0,0.995969295501709,0.0,0.0040307738818228245,0.0,0.0,0.0,0.0,0.0,0.0,0.0,0.0,0.0,0.0
0.0,0.0,0.0,0.0,0.0,0.0,0.0,0.9286670088768005,0.0,0.07133300602436066,0.0,0.0,0.0,0.0,0.0,0.0,0.0,0.0,0.0,0.0
0.0,0.0,0.0,0.0,0.0,0.0,2.7603875240780057e-19,6.713012716187168e-17,0.0,1.0,0.0,0.0,0.0,0.0,0.0,0.0,0.0,0.0,0.0,0.0
0.0,0.0,0.0,0.0,0.0,0.0,0.0014579505659639835,1.8401382394565398e-26,0.0,0.998542070388794,0.0,0.0,0.0,0.0,0.0,0.0,0.0,0.0,0.0,0.0
0.0,0.0,0.0,0.0,0.0,0.0,2.3102494469913331e-32,1.0623947943599887e-08,0.0,1.0,0.0,0.0,0.0,0.0,0.0,0.0,0.0,0.0,0.0,0.0
0.0,0.0,0.0,0.0,0.0,0.0,1.0,0.0,0.0,3.2405475130611004e-24,0.0,0.0,0.0,0.0,0.0,0.0,0.0,0.0,6.873770371139892e-35,0.0
0.0,0.0,0.0,0.0,0.0,0.0,1.0,2.0551029685369492e-29,0.0,6.659461870839323e-10,1.266165087696732e-37,0.0,0.0,0.0,0.0,0.0,0.0,0.0,0.0,0.0
0.0,0.0,0.0,0.0,0.0,0.0,1.4537611565945685e-13,9.09749331423626e-10,0.0,1.0,1.0254206400917369e-33,0.0,0.0,0.0,0.0,0.0,9.119375889438878e-34,0.0,0.0,0.0
0.0,0.0,0.0,0.0,0.0,0.0,1.0,0.0,0.0,1.9979473330774345e-21,0.0,0.0,0.0,0.0,0.0,0.0,0.0,0.0,9.447185347321947e-21,0.0
0.0,0.0,0.0,0.0,0.0,0.0,1.0,0.0,0.0,3.795151766600982e-16,0.0,0.0,0.0,0.0,0.0,0.0,0.0,0.0,3.195851163964508e-38,0.0
0.0,0.0,0.0,0.0,0.0,0.0,1.0,0.0,0.0,4.141631934741922e-21,0.0,0.0,0.0,0.0,0.0,0.0,0.0,0.0,6.546404130212156e-26,0.0
0.0,0.0,0.0,0.0,0.0,0.0,1.0,0.0,0.0,2.5521168841142282e-24,0.0,0.0,0.0,0.0,0.0,0.0,0.0,0.0,5.146075736977929e-20,0.0
0.0,0.0,0.0,0.0,0.0,0.0,1.0,0.0,0.0,6.121862916013932e-23,0.0,0.0,0.0,0.0,0.0,0.0,0.0,0.0,3.993332929783338e-34,0.0
0.0,0.0,0.0,0.0,0.0,0.0,1.0,0.0,0.0,3.236352900812727e-28,0.0,0.0,0.0,0.0,0.0,0.0,0.0,0.0,5.480468765144802e-38,0.0
0.0,0.0,0.0,0.0,0.0,0.0,1.0,0.0,0.0,5.04925935153394e-19,0.0,0.0,0.0,0.0,0.0,0.0,0.0,0.0,0.0,0.0
0.0,0.0,0.0,0.0,0.0,0.0,1.0,0.0,0.0,5.696545915609018e-16,0.0,0.0,0.0,0.0,0.0,0.0,0.0,0.0,8.335900865116085e-29,0.0
0.0,0.0,0.0,0.0,0.0,0.0,1.0,1.506981117483658e-34,0.0,7.660524659058865e-09,0.0,0.0,0.0,0.0,0.0,0.0,0.0,0.0,0.0,0.0
0.0,0.0,0.0,0.0,0.0,0.0,0.9991939663887024,3.326788215432335e-27,0.0,0.0008060359978117049,0.0,0.0,0.0,0.0,0.0,0.0,0.0,0.0,0.0,0.0
0.0,0.0,0.0,0.0,0.0,0.0,1.0,0.0,0.0,9.887912801639486e-15,0.0,0.0,0.0,0.0,0.0,0.0,0.0,0.0,2.787339243943755e-26,0.0
0.0,0.0,0.0,0.0,0.0,1.221371293090002e-37,1.0,2.1133457983942035e-29,0.0,2.0996514749072048e-08,2.858962514140599e-34,0.0,0.0,0.0,1.801473156395659e-21,0.0,8.4303317367344e-37,0.0,9.783020190092485e-28,0.0
0.0,0.0,0.0,0.0,0.0,0.0,1.0,7.117948238360167e-38,0.0,4.016282306729124e-10,0.0,0.0,0.0,0.0,0.0,0.0,0.0,0.0,0.0,0.0
0.0,0.0,0.0,0.0,0.0,0.0,1.0,0.0,0.0,2.923733892708857e-21,0.0,0.0,0.0,0.0,0.0,0.0,0.0,0.0,2.644409858313555e-27,0.0
0.0,0.0,0.0,0.0,0.0,0.0,0.0,1.0,0.0,0.0,0.0,0.0,0.0,0.0,0.0,0.0,0.0,0.0,0.0,0.0
0.0,0.0,0.0,0.0,0.0,0.0,0.0,1.0,0.0,3.043795425903791e-16,0.0,0.0,0.0,0.0,0.0,0.0,0.0,0.0,0.0,0.0
0.0,0.0,0.0,0.0,0.0,0.0,1.0,0.0,0.0,1.885570614023815e-17,0.0,0.0,0.0,0.0,0.0,0.0,0.0,0.0,0.0,0.0
0.0,0.0,0.0,0.0,0.0,0.0,1.0,0.0,0.0,1.3779734215049115e-15,0.0,0.0,0.0,0.0,0.0,0.0,0.0,0.0,0.0,0.0
0.0,0.0,0.0,0.0,0.0,0.0,0.9997270703315735,3.2093914516093966e-24,0.0,0.00027286805561743677,4.796492630526439e-36,0.0,0.0,0.0,0.0,0.0,4.4685331302994287e-38,0.0,0.0,0.0
0.0,0.0,0.0,0.0,0.0,0.0,5.258647775449555e-15,1.1964062553160293e-13,0.0,1.0,0.0,0.0,0.0,0.0,0.0,0.0,0.0,0.0,0.0,0.0
0.0,0.0,0.0,0.0,0.0,0.0,1.3574809964908177e-23,2.510123749743798e-06,0.0,0.9999974966049194,0.0,0.0,0.0,0.0,0.0,0.0,0.0,0.0,0.0,0.0
0.0,0.0,0.0,0.0,0.0,0.0,0.0,1.0,0.0,5.866608197499512e-13,0.0,0.0,0.0,0.0,0.0,0.0,0.0,0.0,0.0,0.0
0.0,0.0,0.0,0.0,0.0,0.0,1.0,1.4742557796753015e-37,0.0,1.5193100683791316e-12,0.0,0.0,0.0,0.0,0.0,0.0,0.0,0.0,1.9092013740780885e-33,0.0
0.0,0.0,0.0,0.0,0.0,0.0,0.0,1.0,0.0,1.7046733191787575e-25,0.0,0.0,0.0,0.0,0.0,0.0,0.0,0.0,0.0,0.0
0.0,0.0,0.0,0.0,0.0,0.0,0.0,1.0,0.0,4.197049089013258e-26,0.0,0.0,0.0,0.0,0.0,0.0,0.0,0.0,0.0,0.0
0.0,0.0,0.0,0.0,0.0,0.0,8.733465318496745e-33,2.529651835225799e-11,0.0,1.0,0.0,0.0,0.0,0.0,0.0,0.0,0.0,0.0,0.0,0.0
0.0,0.0,0.0,0.0,0.0,0.0,1.0,0.0,0.0,8.918188236506364e-12,0.0,0.0,0.0,0.0,0.0,0.0,0.0,0.0,0.0,0.0
0.0,0.0,0.0,0.0,0.0,0.0,0.0,0.9999982118606567,0.0,1.7570221189089352e-06,0.0,0.0,0.0,0.0,0.0,0.0,0.0,0.0,0.0,0.0
0.0,0.0,0.0,0.0,0.0,0.0,4.261799801952293e-07,4.66419857075883e-16,0.0,0.9999995231628418,0.0,0.0,0.0,0.0,0.0,0.0,0.0,0.0,0.0,0.0
0.0,0.0,0.0,0.0,0.0,0.0,1.0,5.911052688978553e-32,0.0,7.817450853320196e-11,1.0779021860481974e-36,0.0,0.0,0.0,0.0,0.0,0.0,0.0,1.2960538338516612e-28,0.0
0.0,0.0,0.0,0.0,0.0,0.0,3.4871799465279494e-19,0.00045055689406581223,0.0,0.9995494484901428,4.978785446128128e-30,1.6615902504657783e-35,0.0,0.0,0.0,0.0,1.4384626309882436e-29,0.0,0.0,0.0
0.0,0.0,0.0,0.0,0.0,0.0,4.142992101729276e-13,5.809725801570603e-14,0.0,1.0,1.893060338305718e-38,0.0,0.0,0.0,0.0,0.0,0.0,0.0,0.0,0.0
0.0,0.0,0.0,0.0,0.0,0.0,1.0,1.89008948466786e-36,0.0,5.296343225102973e-12,0.0,0.0,0.0,0.0,0.0,0.0,0.0,0.0,3.495147679151802e-33,0.0
0.0,0.0,0.0,0.0,0.0,3.510264984560153e-37,0.9999997615814209,2.1286924011349577e-23,0.0,2.0684825585703948e-07,4.238467285420933e-31,4.274631145791534e-37,0.0,0.0,0.0,0.0,3.462897624295008e-33,0.0,9.751075493850672e-38,0.0
0.0,4.849042443977391e-37,3.514189180779648e-38,0.0,0.0,2.452413709564597e-28,0.9999998807907104,4.795896155380225e-22,9.624812287176057e-35,6.433916155401675e-08,3.8697946414546714e-25,1.2535592127790398e-29,5.1027152226060056e-36,0.0,8.658938147931094e-30,0.0,3.2128349850758258e-27,0.0,5.852945534569372e-22,0.0
0.0,0.0,0.0,0.0,0.0,0.0,1.0,0.0,0.0,4.558386545831794e-13,0.0,0.0,0.0,0.0,0.0,0.0,0.0,0.0,4.2379722228134236e-21,0.0
0.0,0.0,0.0,0.0,0.0,0.0,8.047143680578461e-12,4.2402676015589405e-14,0.0,1.0,1.3413539921513903e-35,0.0,0.0,0.0,0.0,0.0,3.46029154241377e-36,0.0,0.0,0.0
0.0,0.0,0.0,0.0,1.7670478258419588e-28,0.0,0.0,1.0,0.0,1.4217189811436903e-32,0.0,0.0,0.0,0.0,0.0,0.0,0.0,0.0,0.0,0.0
0.0,0.0,0.0,0.0,0.0,0.0,1.3748433001867927e-13,1.4447211924561998e-06,0.0,0.9999985694885254,2.7193862802035783e-31,1.5603263619770297e-38,0.0,0.0,0.0,0.0,1.1746550478558004e-31,0.0,0.0,0.0
0.0,0.0,0.0,0.0,0.0,0.0,0.853204071521759,5.041402815925306e-20,0.0,0.14679591357707977,0.0,0.0,0.0,0.0,0.0,0.0,0.0,0.0,0.0,0.0
0.0,0.0,0.0,0.0,0.0,0.0,1.1859839922112853e-31,0.11151153594255447,0.0,0.8884884715080261,0.0,0.0,0.0,0.0,0.0,0.0,0.0,0.0,0.0,0.0
0.0,0.0,0.0,0.0,0.0,0.0,2.751318290370078e-32,0.9999963045120239,0.0,3.716269247888704e-06,5.872521820868522e-35,0.0,0.0,0.0,0.0,0.0,1.4837770197105444e-33,0.0,0.0,0.0
0.0,0.0,0.0,0.0,0.0,0.0,1.0,6.217464876874868e-37,0.0,4.205685279201621e-12,0.0,0.0,0.0,0.0,0.0,0.0,0.0,0.0,0.0,0.0
0.0,0.0,0.0,0.0,0.0,0.0,0.9999998807907104,3.283372453617582e-34,0.0,1.6656905188483506e-07,0.0,0.0,0.0,0.0,0.0,0.0,0.0,0.0,0.0,0.0
1.2499501630033712e-31,9.995333665064152e-22,4.802511669149153e-23,1.247712435533417e-29,1.3033217377243727e-17,9.087794984395462e-18,0.0029371646232903004,1.6855075273269904e-06,4.388420107274381e-19,0.9970610737800598,2.5576214052452223e-14,6.196370925709818e-17,2.6694731571860162e-24,2.2827733538731367e-31,3.879133125828105e-11,1.2750464971956867e-30,4.453525594908924e-15,5.18196186877263e-33,1.357589299087405e-32,1.2412075413185655e-31
0.0,0.0,0.0,0.0,1.0,0.0,0.0,2.745390157961051e-20,0.0,0.0,0.0,0.0,0.0,0.0,0.0,0.0,0.0,0.0,0.0,0.0
0.0,0.0,0.0,0.0,1.483586942185866e-07,0.0,0.0,0.9999998807907104,0.0,0.0,0.0,0.0,0.0,0.0,0.0,0.0,0.0,0.0,0.0,0.0
0.0,0.0,0.0,0.0,0.0,8.420720936822022e-36,2.6603658512258654e-11,5.449510354083031e-07,1.5994290631305973e-36,0.9999994039535522,2.4801309229522403e-26,1.3562668091680123e-31,0.0,0.0,0.0,0.0,1.5027267147051669e-26,0.0,0.0,0.0
0.0,0.0,0.0,0.0,0.0,0.0,1.0,6.398872805802129e-36,0.0,7.773920396303424e-13,0.0,0.0,0.0,0.0,0.0,0.0,0.0,0.0,9.098584771274229e-29,0.0
0.0,0.0,0.0,0.0,0.0,0.0,1.0,1.4945025056739354e-32,0.0,4.6082970328598094e-08,0.0,0.0,0.0,0.0,0.0,0.0,0.0,0.0,0.0,0.0
0.0,0.0,0.0,0.0,0.0,0.0,1.0,0.0,0.0,1.4857323177798931e-16,0.0,0.0,0.0,0.0,0.0,0.0,0.0,0.0,1.1119519051592133e-23,0.0
0.0,9.540964550638392e-32,5.40954510560251e-34,0.0,9.09268089955133e-22,4.5243626549174176e-27,5.403735185011138e-13,0.2640038728713989,5.2787174745117e-25,0.7359960675239563,2.627366024833939e-19,4.52487238910098e-23,1.7857773830187513e-35,0.0,2.906546139752801e-32,0.0,3.203142667789491e-19,0.0,0.0,0.0
0.0,0.0,0.0,0.0,1.0,0.0,0.0,5.117264251230935e-11,0.0,0.0,0.0,0.0,0.0,0.0,0.0,0.0,0.0,0.0,0.0,0.0
0.0,0.0,0.0,0.0,0.0008719624020159245,0.0,0.0,0.9991280436515808,0.0,3.0880819177530245e-36,0.0,0.0,0.0,0.0,0.0,0.0,0.0,0.0,0.0,0.0
0.0,0.0,0.0,0.0,3.842321219366811e-23,0.0,0.0,1.0,0.0,4.854382229430639e-26,0.0,0.0,0.0,0.0,0.0,0.0,0.0,0.0,0.0,0.0
0.0,0.0,0.0,0.0,1.2505289859188196e-10,0.0,0.0,1.0,0.0,4.082722793700569e-24,0.0,0.0,0.0,0.0,0.0,0.0,0.0,0.0,0.0,0.0
0.0,0.0,0.0,0.0,0.0,0.0,2.2930862542125396e-08,5.566029255744563e-16,0.0,1.0,6.136642914023207e-37,0.0,0.0,0.0,0.0,0.0,7.868878301500093e-38,0.0,0.0,0.0
0.0,0.0,0.0,0.0,0.0,0.0,0.0,0.00019151838205289096,0.0,0.9998084902763367,0.0,0.0,0.0,0.0,0.0,0.0,0.0,0.0,0.0,0.0
0.0,0.0,0.0,0.0,0.0,0.0,0.0,1.0,0.0,1.5378235573848542e-08,0.0,0.0,0.0,0.0,0.0,0.0,0.0,0.0,0.0,0.0
0.0,3.345030805738057e-33,4.2590100355147814e-35,0.0,9.073032583212809e-23,9.493499956377612e-28,1.647185027264797e-10,1.7798052454054414e-07,1.424066545395192e-28,0.9999998807907104,2.514719686501996e-22,1.535110995608445e-25,8.848364628326482e-38,0.0,1.2100679597250433e-17,0.0,4.7302838802114795e-23,0.0,0.0,0.0
0.0,0.0,0.0,0.0,0.9999923706054688,0.0,0.0,7.669704245927278e-06,0.0,1.6123818090189892e-19,0.0,0.0,0.0,0.0,1.0866418267312738e-37,0.0,1.5056795053742155e-38,1.069819101395229e-30,0.0,0.0
0.0,0.0,0.0,0.0,0.0,0.0,1.0,0.0,0.0,3.008367214093696e-17,0.0,0.0,0.0,0.0,0.0,0.0,0.0,0.0,6.9990979158218725e-12,0.0
0.0,0.0,0.0,0.0,0.0,0.0,1.0,1.2834337931400538e-36,0.0,9.65572023378658e-13,0.0,0.0,0.0,0.0,0.0,0.0,0.0,0.0,8.834871660271772e-31,0.0
0.0,0.0,0.0,0.0,0.0,0.0,1.0,0.0,0.0,3.3016594518899484e-27,0.0,0.0,0.0,0.0,0.0,0.0,0.0,0.0,2.7770868255150016e-26,0.0
0.0,0.0,0.0,0.0,0.0,0.0,1.0,0.0,0.0,5.066612806691915e-16,0.0,0.0,0.0,0.0,0.0,0.0,0.0,0.0,5.18430339841817e-34,0.0
0.0,0.0,0.0,0.0,0.0,0.0,4.221784580320199e-15,1.9356773961476392e-08,0.0,1.0,1.1056356399078805e-33,0.0,0.0,0.0,0.0,0.0,1.3174298753898054e-33,0.0,0.0,0.0
0.0,0.0,0.0,0.0,8.579414544504746e-30,0.0,5.9233665795986e-23,0.9789140224456787,8.458924503223746e-35,0.021085962653160095,1.0562456557130637e-27,3.9343264010828216e-32,0.0,0.0,0.0,0.0,1.3541738832675484e-26,0.0,0.0,0.0
0.0,0.0,0.0,0.0,0.0,0.0,1.0,6.423629388377512e-34,0.0,8.531877426776191e-09,0.0,0.0,0.0,0.0,0.0,0.0,0.0,0.0,4.642030952979136e-31,0.0
0.0,0.0,0.0,0.0,0.9339127540588379,0.0,0.0,0.0660872608423233,2.3720165323392595e-32,4.377098320297937e-14,9.441277486900877e-33,3.622412115866096e-34,0.0,0.0,5.264098192904107e-38,0.0,2.9045289914467902e-30,0.0,0.0,0.0
0.0,0.0,0.0,0.0,0.0,0.0,1.0,0.0,0.0,4.61056906086825e-14,0.0,0.0,0.0,0.0,0.0,0.0,0.0,0.0,1.3468782563673324e-17,0.0
0.0,0.0,0.0,0.0,0.0,0.0,1.0,7.119468366934266e-38,0.0,1.1956192600640764e-13,0.0,0.0,0.0,0.0,7.512890758064859e-38,0.0,0.0,0.0,2.080245534159986e-24,0.0
0.0,0.0,0.0,0.0,0.0,0.0,0.9999986886978149,8.678294317077086e-25,0.0,1.3682613371202024e-06,1.5306507336915855e-36,0.0,0.0,0.0,0.0,0.0,0.0,0.0,0.0,0.0
0.0,0.0,0.0,0.0,0.0,0.0,1.0058704845824479e-17,1.647200042498298e-05,0.0,0.999983549118042,4.202327445370516e-35,0.0,0.0,0.0,0.0,0.0,8.231587454400192e-35,0.0,0.0,0.0
0.0,0.0,0.0,0.0,0.0,0.0,1.0,0.0,0.0,9.47079780598099e-18,0.0,0.0,0.0,0.0,0.0,0.0,0.0,0.0,1.211617648998449e-21,0.0
0.0,0.0,0.0,0.0,0.0,0.0,1.0,0.0,0.0,1.7927634308372028e-17,0.0,0.0,0.0,0.0,0.0,0.0,0.0,0.0,2.421004837253482e-36,0.0
0.0,0.0,0.0,0.0,0.0,0.0,2.634553766256431e-07,4.5086826524869117e-13,0.0,0.9999997615814209,1.4472161837052201e-34,0.0,0.0,0.0,0.0,0.0,4.896723899934749e-36,0.0,0.0,0.0
0.0,0.0,0.0,0.0,0.0,0.0,8.01174905973312e-07,1.0732734145868505e-13,0.0,0.9999991655349731,1.0040619003904562e-31,2.549072216821954e-37,0.0,0.0,2.3489602940914956e-37,0.0,1.1477287334454835e-32,0.0,0.0,0.0
0.0,1.747778545201626e-36,5.572250451441763e-38,0.0,1.0365811020902934e-26,4.887963555238964e-30,8.646076139484649e-07,3.5162045719516755e-08,2.5293305668112176e-30,0.9999990463256836,6.367691537831249e-23,8.05505947358373e-27,0.0,0.0,5.257592765546013e-25,0.0,2.2379745645126728e-23,0.0,0.0,0.0
0.0,0.0,0.0,0.0,0.0,0.0,0.0,0.9999901056289673,0.0,9.893557944451459e-06,0.0,0.0,0.0,0.0,0.0,0.0,0.0,0.0,0.0,0.0
0.0,0.0,0.0,0.0,0.0,6.321014779779106e-37,4.850908984530911e-15,0.2928551435470581,1.1063393523560652e-34,0.7071448564529419,2.948524665887477e-25,5.017546384931238e-31,0.0,0.0,0.0,0.0,5.361743112633949e-25,0.0,0.0,0.0
0.0,0.0,0.0,0.0,0.0,0.0,1.0,5.161019426722273e-34,0.0,2.921886690931963e-11,0.0,0.0,0.0,0.0,0.0,0.0,0.0,0.0,1.5803240121017163e-38,0.0
0.0,0.0,0.0,0.0,0.0,4.297225922199328e-30,1.0,7.473922130667734e-25,1.344015961492393e-37,1.219762069126773e-08,2.5030562300452538e-27,3.8401792952839383e-32,1.6334271983162303e-38,0.0,3.323122529774607e-30,0.0,1.529905032431365e-29,0.0,1.2211391117720452e-21,0.0
0.0,0.0,0.0,0.0,0.0,0.0,0.0,1.0,0.0,4.960086179573427e-19,0.0,0.0,0.0,0.0,0.0,0.0,0.0,0.0,0.0,0.0
0.0,0.0,0.0,0.0,3.25345672677732e-15,0.0,0.0,1.0,0.0,2.2970486328020876e-26,0.0,0.0,0.0,0.0,0.0,0.0,0.0,0.0,0.0,0.0
0.0,0.0,0.0,0.0,0.0,3.035392075546432e-31,0.9999017715454102,7.747179726036075e-17,1.4998531619563928e-35,9.825969027588144e-05,3.1939863786370143e-25,3.203092707572595e-30,0.0,0.0,3.3136576532370323e-37,0.0,1.1808517438523635e-26,0.0,3.342636470682226e-33,0.0
0.0,0.0,0.0,0.0,0.0,6.744683895222949e-33,2.9312221538901895e-09,7.877513041876227e-08,7.085506635464867e-34,0.9999998807907104,1.2017970485918711e-24,4.1449650605248885e-29,0.0,0.0,0.0,0.0,4.988286006302941e-25,0.0,0.0,0.0
0.0,0.0,0.0,0.0,0.0,5.973473367552636e-34,1.0,9.382612613899573e-28,0.0,3.4834501949632113e-09,8.374522681811787e-31,7.678163508692172e-36,0.0,0.0,1.989264523901335e-34,0.0,2.5175946383934872e-33,0.0,3.7401686293891894e-21,0.0
0.0,0.0,0.0,0.0,2.4606111884760802e-24,0.0,1.1521813299573446e-28,0.4923883378505707,5.266983186182459e-38,0.5076116323471069,1.4404731118902967e-31,2.566505374168894e-35,0.0,0.0,0.0,0.0,1.395808793437583e-30,0.0,0.0,0.0
0.0,0.0,0.0,0.0,1.0,0.0,0.0,2.6801913466378835e-10,0.0,7.760131281247165e-31,0.0,0.0,0.0,0.0,0.0,0.0,0.0,0.0,0.0,0.0
0.0,0.0,0.0,0.0,0.0,0.0,1.0,1.1881082133589768e-32,0.0,3.765174977354846e-11,1.5287555279653309e-37,0.0,0.0,0.0,0.0,0.0,0.0,0.0,6.8589222933266975e-34,0.0
0.0,0.0,0.0,0.0,0.0,0.0,1.0,0.0,0.0,8.190241934907371e-15,0.0,0.0,0.0,0.0,0.0,0.0,0.0,0.0,4.908260298977098e-30,0.0
0.0,0.0,0.0,0.0,0.0,0.0,1.0,0.0,0.0,5.1359014263674396e-11,0.0,0.0,0.0,0.0,0.0,0.0,0.0,0.0,0.0,0.0
0.0,0.0,0.0,0.0,0.0,0.0,1.0,1.477683944264395e-38,0.0,5.34415827563306e-12,0.0,0.0,0.0,0.0,0.0,0.0,0.0,0.0,0.0,0.0
0.0,0.0,0.0,0.0,0.0,0.0,1.0,4.052223709612244e-29,0.0,3.52262802261194e-10,3.3622470340112405e-35,0.0,0.0,0.0,0.0,0.0,5.648659893585081e-38,0.0,1.4533971028975116e-33,0.0
0.0,0.0,0.0,0.0,0.0,1.850132905097653e-37,1.0,2.7371063591326195e-29,0.0,1.0502353431363076e-09,1.2176893633935266e-33,0.0,0.0,0.0,5.268826734442125e-38,0.0,2.2118973855299737e-36,0.0,1.1361176410584425e-30,0.0
0.0,2.1198500076631905e-34,1.392475943003289e-35,0.0,0.0,5.149717269352204e-26,0.99998939037323,9.770244839145852e-19,1.3500898214533114e-31,1.0567528079263866e-05,1.2756246868883783e-22,7.686791623709757e-27,3.2326954227856945e-33,0.0,1.0723690542706938e-31,0.0,4.035207334796392e-24,0.0,3.849882293371173e-22,0.0
0.0,0.0,0.0,0.0,0.0,5.285656328998666e-38,1.0,1.1787234338039963e-31,0.0,1.2259042392326336e-10,2.2754540060546272e-34,0.0,0.0,0.0,0.0,0.0,3.712788037480267e-37,0.0,4.478836170611837e-22,0.0
0.0,0.0,0.0,0.0,0.0,0.0,1.0,1.252892866173861e-32,0.0,5.84938819603309e-10,1.950435943408112e-37,0.0,0.0,0.0,0.0,0.0,0.0,0.0,3.0001171357703465e-31,0.0
0.0,0.0,0.0,0.0,0.0,0.0,1.0,1.705483276967175e-36,0.0,1.5809418661347219e-12,0.0,0.0,0.0,0.0,0.0,0.0,0.0,0.0,4.793347136747316e-25,0.0
0.0,0.0,0.0,0.0,0.0,0.0,3.307566883891757e-30,0.00105983333196491,0.0,0.9989401698112488,0.0,0.0,0.0,0.0,0.0,0.0,0.0,0.0,0.0,0.0
0.0,0.0,0.0,0.0,6.866162930290284e-37,0.0,0.0,1.0,0.0,5.4175217531278005e-33,0.0,0.0,0.0,0.0,0.0,0.0,0.0,0.0,0.0,0.0
0.0,0.0,0.0,0.0,0.0,0.0,1.0,0.0,0.0,7.51374538670667e-17,0.0,0.0,0.0,0.0,0.0,0.0,0.0,0.0,1.86766583220476e-33,0.0
0.0,0.0,0.0,0.0,0.0,0.0,1.0,0.0,0.0,9.319928856443838e-11,0.0,0.0,0.0,0.0,0.0,0.0,0.0,0.0,7.909200688419102e-24,0.0
0.0,0.0,0.0,0.0,0.0,0.0,7.287208906505345e-18,1.7239435790364355e-12,0.0,1.0,2.210926117538381e-37,0.0,0.0,0.0,0.0,0.0,1.8995499757017606e-37,0.0,0.0,0.0
0.0,0.0,0.0,0.0,0.0,5.334136224642298e-35,1.0,6.773023300779748e-32,0.0,1.0598886213131209e-09,2.882189455993382e-33,1.0885584667188387e-37,0.0,0.0,6.491821365065717e-25,0.0,2.7882820706860073e-36,0.0,2.831829822719234e-13,0.0
0.0,0.0,0.0,0.0,0.0,0.0,1.0,0.0,0.0,9.939146944706878e-13,0.0,0.0,0.0,0.0,3.174303567428063e-34,0.0,0.0,0.0,1.5247097204587612e-12,0.0
0.0,0.0,0.0,0.0,0.0,0.0,1.0,0.0,0.0,3.466640162699099e-17,0.0,0.0,0.0,0.0,0.0,0.0,0.0,0.0,1.2270491174329199e-16,0.0
0.0,0.0,0.0,0.0,0.0,0.0,0.9999885559082031,1.6702689743898897e-31,0.0,1.141939173976425e-05,0.0,0.0,0.0,0.0,0.0,0.0,0.0,0.0,0.0,0.0
0.0,0.0,0.0,0.0,0.0,0.0,0.9993939399719238,0.0,0.0,0.0006060823798179626,0.0,0.0,0.0,0.0,0.0,0.0,0.0,0.0,0.0,0.0
0.0,0.0,0.0,0.0,0.0,1.2190811229837866e-37,1.0,2.209299983538052e-36,0.0,4.3416114345155854e-13,7.004982775655988e-36,0.0,0.0,0.0,1.630302302740786e-38,0.0,0.0,0.0,4.945013243828032e-14,0.0
0.0,0.0,0.0,0.0,0.0,0.0,1.0,0.0,0.0,3.972792892727693e-14,0.0,0.0,0.0,0.0,0.0,0.0,0.0,0.0,2.8837783529166767e-22,0.0
0.0,0.0,0.0,0.0,0.0,0.0,1.0,0.0,0.0,7.683261465143829e-21,0.0,0.0,0.0,0.0,0.0,0.0,0.0,0.0,1.7305419770305621e-31,0.0
0.0,0.0,0.0,0.0,0.0,0.0,5.608218750507987e-12,1.916708979032844e-12,0.0,1.0,3.4142310905833224e-35,0.0,0.0,0.0,0.0,0.0,4.071779628511382e-36,0.0,0.0,0.0
0.0,0.0,0.0,0.0,0.0,0.0,1.0,0.0,0.0,1.1055276033611707e-15,0.0,0.0,0.0,0.0,0.0,0.0,0.0,0.0,1.2752459973031617e-19,0.0
0.0,0.0,0.0,0.0,0.0,0.0,1.0,0.0,0.0,8.759894089113147e-25,0.0,0.0,0.0,0.0,0.0,0.0,0.0,0.0,7.830368022926002e-16,0.0
0.0,0.0,0.0,0.0,0.0,0.0,1.0,0.0,0.0,2.5740932669400513e-19,0.0,0.0,0.0,0.0,0.0,0.0,0.0,0.0,0.0,0.0
0.0,0.0,0.0,0.0,1.7699778435476122e-32,0.0,3.0245222792843785e-31,0.9999994039535522,9.044657956689717e-38,5.605930368801637e-07,4.626364904666857e-31,2.974343117662742e-36,0.0,0.0,0.0,0.0,6.518527316213728e-30,0.0,0.0,0.0
0.0,0.0,0.0,0.0,0.0,2.0719789185809144e-34,0.7775111198425293,2.2902712712435935e-12,1.6778084226290937e-38,0.2224888950586319,3.019650152365192e-26,1.523708838314466e-32,0.0,0.0,0.0,0.0,6.927667750905565e-28,0.0,0.0,0.0
0.0,0.0,0.0,0.0,0.0,0.0,0.11773499101400375,2.832551536198956e-19,0.0,0.8822649717330933,0.0,0.0,0.0,0.0,0.0,0.0,0.0,0.0,0.0,0.0
0.0,0.0,0.0,0.0,0.0,0.0,1.0,0.0,0.0,3.234894157161052e-22,0.0,0.0,0.0,0.0,0.0,0.0,0.0,0.0,3.1660487428380698e-31,0.0
0.0,0.0,0.0,0.0,0.0,0.0,1.0,0.0,0.0,5.632683796240428e-19,0.0,0.0,0.0,0.0,0.0,0.0,0.0,0.0,8.313046263726155e-27,0.0
0.0,7.658215498164286e-38,0.0,0.0,2.0131389519197798e-33,3.886848243027827e-30,0.8010690212249756,1.6075552347616373e-13,3.386789875209034e-33,0.19893097877502441,3.8559797148519884e-24,1.3007161491351581e-28,0.0,0.0,4.900558938623583e-22,0.0,1.978544624834665e-25,0.0,0.0,0.0
0.0,0.0,0.0,0.0,0.0,0.0,1.0,1.9113777380980674e-28,0.0,1.195184573532515e-08,3.5081696770005167e-34,0.0,0.0,0.0,0.0,0.0,7.089904332453327e-37,0.0,4.608451840128264e-32,0.0
0.0,0.0,0.0,0.0,0.0,0.0,0.00014979211846366525,3.9266427790525754e-16,0.0,0.9998501539230347,1.652711447392729e-38,0.0,0.0,0.0,0.0,0.0,0.0,0.0,0.0,0.0
0.0,0.0,0.0,0.0,0.0,0.0,2.2005017267732096e-30,1.0883257345994934e-05,0.0,0.9999891519546509,0.0,0.0,0.0,0.0,0.0,0.0,0.0,0.0,0.0,0.0
0.0,0.0,0.0,0.0,0.0,0.0,1.0,0.0,0.0,1.0295288427181995e-17,0.0,0.0,0.0,0.0,0.0,0.0,0.0,0.0,1.1969333106661721e-32,0.0
0.0,0.0,0.0,0.0,0.0,0.0,1.0,0.0,0.0,6.850960872553918e-15,0.0,0.0,0.0,0.0,0.0,0.0,0.0,0.0,8.011083683604642e-22,0.0
0.0,0.0,0.0,0.0,0.0,8.98890520004722e-34,0.00018154857389163226,2.8409408072554987e-12,2.3183783564060707e-37,0.9998185038566589,9.605501641921474e-27,6.23413848679641e-32,0.0,0.0,4.179117222169809e-32,0.0,3.2306841667626664e-28,0.0,0.0,0.0
0.0,0.0,0.0,0.0,1.0,0.0,0.0,1.1559980193710566e-34,0.0,0.0,0.0,0.0,0.0,0.0,0.0,0.0,0.0,0.0,0.0,0.0
0.0,1.5751170952939474e-37,0.0,0.0,8.166863298899994e-38,2.2520983679946436e-29,0.03254086151719093,1.2698864182425496e-10,4.129063497217445e-32,0.9674591422080994,1.2264592149604047e-22,2.4750817124170403e-27,0.0,0.0,7.887226200655811e-32,0.0,9.961988735481513e-24,0.0,0.0,0.0
0.0,0.0,0.0,0.0,0.0,0.0,0.0,1.0,0.0,3.803382576331865e-13,0.0,0.0,0.0,0.0,0.0,0.0,0.0,0.0,0.0,0.0
0.0,0.0,0.0,0.0,0.0,0.0,1.0,0.0,0.0,2.3170488016319504e-14,0.0,0.0,0.0,0.0,0.0,0.0,0.0,0.0,0.0,0.0
0.0,0.0,0.0,0.0,0.0,0.0,1.0,1.6103079596804751e-37,0.0,6.997429979199721e-12,3.2594804838534905e-38,0.0,0.0,0.0,0.0,0.0,0.0,0.0,4.314229908649464e-13,0.0
0.0,0.0,0.0,0.0,0.0,0.0,1.0,0.0,0.0,5.0067035559960474e-17,0.0,0.0,0.0,0.0,0.0,0.0,0.0,0.0,1.559347269364242e-11,0.0
0.0,0.0,0.0,0.0,0.0,0.0,6.682255389023339e-07,1.5511592010852837e-11,0.0,0.9999992847442627,3.0211218562460938e-30,2.6908284663040696e-36,0.0,0.0,0.0,0.0,8.221656106706278e-32,0.0,0.0,0.0
0.0,0.0,0.0,0.0,0.0,0.0,1.0,0.0,0.0,5.944919903577706e-12,0.0,0.0,0.0,0.0,0.0,0.0,0.0,0.0,6.613286447921812e-36,0.0
0.0,1.553496573391757e-38,0.0,0.0,0.0,4.660802224784366e-29,0.9995410442352295,2.116195682556867e-17,2.1962748187996496e-34,0.0004589719756040722,3.5938297975639205e-24,7.045330394557337e-29,1.4912336876613067e-37,0.0,1.6642584662348155e-36,0.0,1.2133155271437459e-25,0.0,5.860471931604196e-28,0.0
0.0,0.0,0.0,0.0,0.0,0.0,0.9994719624519348,1.1024264255058877e-22,0.0,0.0005281158373691142,1.208109635447302e-33,0.0,0.0,0.0,0.0,0.0,9.451421561190148e-36,0.0,0.0,0.0
0.0,0.0,0.0,0.0,0.0,0.0,1.0,0.0,0.0,1.6161207368561338e-14,0.0,0.0,0.0,0.0,0.0,0.0,0.0,0.0,3.465120829989871e-24,0.0
0.0,0.0,0.0,0.0,0.0,0.0,1.0,0.0,0.0,3.1840946545312218e-24,0.0,0.0,0.0,0.0,0.0,0.0,0.0,0.0,1.8496333870459848e-28,0.0
0.0,0.0,0.0,0.0,0.0,0.0,1.0,0.0,0.0,7.720282204325135e-13,0.0,0.0,0.0,0.0,0.0,0.0,0.0,0.0,3.456487536050539e-31,0.0
0.0,6.491665107387833e-30,2.05492352227133e-31,0.0,0.7247914671897888,4.60995782471582e-30,2.259527953085626e-31,0.2752005457878113,1.1826708398434709e-23,8.025015631574206e-06,2.6490936851174913e-23,6.993260602254227e-24,3.127581023821374e-38,0.0,6.586084415450805e-20,0.0,8.332158907271733e-22,1.0838188573039295e-24,0.0,0.0
0.0,0.0,0.0,0.0,0.0,0.0,8.313409207525856e-16,3.247474164580488e-11,0.0,1.0,4.085479693172007e-32,2.253321472114348e-36,0.0,0.0,0.0,0.0,2.530855206494121e-32,0.0,0.0,0.0
0.0,0.0,0.0,0.0,0.0,0.0,1.0,3.4931942545638708e-37,0.0,1.693076234765556e-10,0.0,0.0,0.0,0.0,0.0,0.0,0.0,0.0,5.494436551164815e-21,0.0
0.0,0.0,0.0,0.0,0.0,0.0,1.0,1.2274392517521599e-36,0.0,9.880171125686843e-10,0.0,0.0,0.0,0.0,0.0,0.0,0.0,0.0,2.2496279114511362e-29,0.0
0.0,0.0,0.0,0.0,0.0,7.315718020523796e-34,0.999998927116394,7.460395158016979e-22,0.0,1.0793905858008657e-06,1.3574846194346733e-28,3.3508368753939058e-34,0.0,0.0,0.0,0.0,1.6226260708016273e-30,0.0,5.045268130654818e-34,0.0
0.0,0.0,0.0,0.0,0.0,4.554216385858346e-35,5.6258009806242626e-08,2.126875585373167e-11,1.2995833879986027e-36,1.0,2.236777348527269e-27,7.545138536656912e-32,0.0,0.0,4.833334305218733e-34,0.0,8.10091586555959e-28,0.0,0.0,0.0
0.0,0.0,0.0,0.0,0.0,0.0,1.0,0.0,0.0,4.3905586902693444e-14,0.0,0.0,0.0,0.0,0.0,0.0,0.0,0.0,6.96751078774194e-29,0.0
0.0,0.0,0.0,0.0,0.0,0.0,4.584579786116871e-13,4.2922970733272336e-10,0.0,1.0,4.038063244897011e-34,0.0,0.0,0.0,0.0,0.0,1.7395341929002458e-34,0.0,0.0,0.0
0.0,0.0,0.0,0.0,1.0873375178793254e-16,0.0,0.0,1.0,0.0,5.38796611493364e-11,0.0,0.0,0.0,0.0,0.0,0.0,0.0,0.0,0.0,0.0
0.0,7.741210411328871e-29,5.16764507050864e-30,2.613674430208748e-38,1.4370905040174427e-22,1.1187756308754656e-23,9.186842220287872e-08,7.75916930706444e-07,1.5573770876963737e-24,0.9999991655349731,1.1893171828014461e-18,2.0743512759167014e-21,9.637642495774595e-32,0.0,2.5128118497530017e-20,0.0,3.4512092221092568e-19,0.0,0.0,0.0
0.0,0.0,0.0,0.0,0.0,0.0,1.0,0.0,0.0,7.833188850163431e-13,0.0,0.0,0.0,0.0,0.0,0.0,0.0,0.0,4.669945333213299e-11,0.0
0.0,0.0,0.0,0.0,0.0,0.0,0.9999997615814209,0.0,0.0,2.8903694447636697e-18,0.0,0.0,0.0,0.0,0.0,0.0,0.0,0.0,2.015095219576324e-07,0.0
0.0,0.0,0.0,0.0,0.0,0.0,0.9995402097702026,1.396673183984008e-22,0.0,0.0004598388622980565,1.7662096494692575e-34,0.0,0.0,0.0,0.0,0.0,9.25535708168172e-37,0.0,0.0,0.0
0.0,0.0,0.0,0.0,0.0,0.0,1.58809015715633e-07,5.035466401487332e-12,0.0,0.9999998807907104,2.4386975073345695e-30,2.152645553887726e-36,0.0,0.0,0.0,0.0,2.152971506073417e-31,0.0,0.0,0.0
0.0,0.0,0.0,0.0,0.0,0.0,1.7283570189652717e-25,3.2338388911146154e-11,0.0,1.0,0.0,0.0,0.0,0.0,0.0,0.0,0.0,0.0,0.0,0.0
0.0,0.0,0.0,0.0,0.0,0.0,1.0,2.073652115403165e-33,0.0,3.5664928788037287e-09,0.0,0.0,0.0,0.0,0.0,0.0,0.0,0.0,2.3251812741852486e-33,0.0
0.0,0.0,0.0,0.0,0.0,0.0,3.3454982620893004e-21,5.760659949061164e-09,0.0,1.0,0.0,0.0,0.0,0.0,0.0,0.0,0.0,0.0,0.0,0.0
0.0,0.0,0.0,0.0,3.5393637619254154e-14,0.0,0.0,1.0,0.0,0.0,0.0,0.0,0.0,0.0,0.0,0.0,0.0,0.0,0.0,0.0
0.0,0.0,0.0,0.0,0.0,1.5425568604885274e-37,1.0,9.774731654006018e-37,0.0,1.2613788323307534e-13,5.9119875513705675e-36,0.0,0.0,0.0,3.079348218575437e-37,0.0,0.0,0.0,9.931363023629736e-12,0.0
0.0,0.0,0.0,0.0,0.0,0.0,1.0,0.0,0.0,2.356453269323099e-17,0.0,0.0,0.0,0.0,0.0,0.0,0.0,0.0,0.0,0.0
0.0,0.0,0.0,0.0,0.0,0.0,2.0737206981973066e-13,3.9136298368713796e-12,0.0,1.0,0.0,0.0,0.0,0.0,0.0,0.0,0.0,0.0,0.0,0.0
0.0,0.0,0.0,0.0,0.0,0.0,3.5321924940490135e-08,3.135692118287625e-13,0.0,1.0,9.389986484119707e-36,0.0,0.0,0.0,0.0,0.0,4.045318629349843e-37,0.0,0.0,0.0
0.0,0.0,0.0,0.0,0.0,3.136877560692871e-35,1.0,5.770601140947655e-24,0.0,2.8471587754097527e-08,3.766251926588267e-30,1.0467378283636034e-35,0.0,0.0,6.863619293317841e-38,0.0,2.0945381520917815e-32,0.0,3.0108322516695114e-34,0.0
0.0,6.447885897977722e-34,3.6243355672852365e-36,0.0,1.954428262251895e-05,1.2855829232598472e-32,1.2161810643819612e-25,0.9999619722366333,1.7500711241236996e-26,1.8517766875447705e-05,5.723685610761898e-24,1.7977135464927867e-26,0.0,0.0,6.717703599451475e-24,0.0,6.089349856033067e-23,0.0,0.0,0.0
0.0,0.0,0.0,0.0,0.0,0.0,1.0,2.7495904040031893e-37,0.0,6.03215003988633e-12,0.0,0.0,0.0,0.0,1.5974366992160978e-35,0.0,0.0,0.0,4.500164453212052e-19,0.0
0.0,0.0,0.0,0.0,0.0,0.0,0.9952334761619568,9.139792430117598e-21,0.0,0.004766560159623623,7.709553311757862e-36,0.0,0.0,0.0,0.0,0.0,4.223064034927643e-38,0.0,0.0,0.0
0.0,0.0,0.0,0.0,0.0,0.0,1.0,2.255832957694825e-36,0.0,9.559934224454003e-13,0.0,0.0,0.0,0.0,0.0,0.0,0.0,0.0,2.1687586149566967e-22,0.0
0.0,0.0,0.0,0.0,0.0,3.857089493389105e-37,0.9999980926513672,2.370224886462441e-24,0.0,1.93163350559189e-06,1.3736663589994488e-31,3.3270090568493034e-38,0.0,0.0,0.0,0.0,8.749484551433568e-34,0.0,3.6494672835131286e-36,0.0
0.0,0.0,0.0,0.0,0.0,1.1993768173165055e-35,1.0,2.4180507860143538e-29,0.0,1.7400431095992985e-10,4.632140108412447e-32,5.898375764082849e-38,0.0,0.0,0.0,0.0,8.802424845109395e-35,0.0,1.364255191208553e-21,0.0
0.0,0.0,0.0,0.0,0.0,0.0,1.0,2.586922466671704e-32,0.0,1.240906127852881e-10,0.0,0.0,0.0,0.0,0.0,0.0,0.0,0.0,0.0,0.0
0.0,0.0,0.0,0.0,0.0,0.0,0.9999992847442627,6.51219853587907e-27,0.0,7.533251391578233e-07,5.557518880946009e-38,0.0,0.0,0.0,0.0,0.0,0.0,0.0,0.0,0.0
0.0,0.0,0.0,0.0,0.0,0.0,7.230423397701074e-22,0.05320904031395912,1.3659606597813203e-38,0.9467909932136536,1.2015547408455542e-29,5.581875676881052e-35,0.0,0.0,0.0,0.0,1.0825579995027738e-28,0.0,0.0,0.0
0.0,0.0,0.0,0.0,0.0,2.5288988999217795e-37,0.9999959468841553,1.2715956902554888e-22,0.0,4.0555833038524725e-06,5.129073997553075e-31,2.7951169095509454e-37,0.0,0.0,0.0,0.0,5.0318585870123164e-33,0.0,7.982037076130022e-38,0.0
0.0,0.0,0.0,0.0,0.0,3.5658118608359115e-32,1.0,1.45826833312022e-32,0.0,2.080174791099787e-12,2.8578218989112174e-31,3.251337448794197e-36,0.0,0.0,2.169394468400741e-23,0.0,2.223591287131844e-34,0.0,2.653647440675755e-11,0.0
0.0,0.0,0.0,0.0,0.9340378642082214,0.0,0.0,0.06596211344003677,1.4062954116020472e-33,6.486832772323314e-12,3.5252454773206374e-33,4.454453477480442e-35,0.0,0.0,2.798868506228778e-31,0.0,7.966911081907092e-31,0.0,0.0,0.0
0.0,0.0,0.0,0.0,0.0,0.0,3.3703317914302033e-12,2.9672707636796934e-15,0.0,1.0,1.3649833101543923e-37,0.0,0.0,0.0,0.0,0.0,4.383601551415473e-38,0.0,0.0,0.0
0.0,0.0,0.0,0.0,0.973064124584198,0.0,0.0,0.026935890316963196,0.0,0.0,0.0,0.0,0.0,0.0,0.0,0.0,0.0,0.0,0.0,0.0
0.0,0.0,0.0,0.0,9.385643013822516e-23,0.0,0.0,1.0,0.0,0.0,0.0,0.0,0.0,0.0,0.0,0.0,0.0,0.0,0.0,0.0
0.0,0.0,0.0,0.0,0.0,0.0,9.175121281767995e-21,0.14522269368171692,0.0,0.8547772765159607,2.1599152358393176e-29,1.957756855716045e-35,0.0,0.0,0.0,0.0,1.1783872179693787e-28,0.0,0.0,0.0
0.0,0.0,0.0,0.0,0.0,0.0,1.0,0.0,0.0,2.20579187468264e-18,0.0,0.0,0.0,0.0,0.0,0.0,0.0,0.0,4.8111582157591e-23,0.0
0.0,0.0,0.0,0.0,0.0,0.0,1.0,0.0,0.0,1.618352049713576e-20,0.0,0.0,0.0,0.0,0.0,0.0,0.0,0.0,0.0,0.0
0.0,0.0,0.0,0.0,0.0,0.0,0.9978139400482178,2.488163190970862e-25,0.0,0.0021860236302018166,0.0,0.0,0.0,0.0,0.0,0.0,0.0,0.0,0.0,0.0
0.0,0.0,0.0,0.0,0.0,0.0,0.0030360245145857334,3.9060543859550286e-18,0.0,0.9969639182090759,0.0,0.0,0.0,0.0,0.0,0.0,0.0,0.0,0.0,0.0
0.0,0.0,0.0,0.0,0.0,0.0,1.0,5.9646964442079894e-30,0.0,2.2886761374962816e-09,0.0,0.0,0.0,0.0,0.0,0.0,0.0,0.0,0.0,0.0
0.0,0.0,0.0,0.0,0.0,0.0,1.0,6.489820615692071e-31,0.0,2.5471844078417405e-10,0.0,0.0,0.0,0.0,0.0,0.0,0.0,0.0,0.0,0.0
0.0,0.0,0.0,0.0,3.7445472340315404e-38,0.0,0.0,1.0,0.0,3.539916276773525e-11,0.0,0.0,0.0,0.0,0.0,0.0,0.0,0.0,0.0,0.0
0.0,0.0,0.0,0.0,0.0,2.0429315071947388e-37,1.2010459467248769e-11,5.287098474582308e-07,5.52020622647674e-38,0.9999995231628418,6.40935185462235e-28,8.537626490281813e-34,0.0,0.0,0.0,0.0,1.4901442388221459e-28,0.0,0.0,0.0
0.0,0.0,0.0,0.0,0.0,7.700797028395059e-31,0.9999997615814209,8.129326486450327e-22,1.7689546761244221e-37,2.1450249221288686e-07,1.5947220710983275e-26,1.7949810491999838e-31,0.0,0.0,0.0,0.0,1.3254933582403215e-28,0.0,8.097192553020511e-24,0.0
0.0,1.8899052038304524e-35,4.993155116957115e-37,0.0,0.0,6.686790248313595e-27,0.0015806456794962287,7.775355470585055e-09,4.8829237877790225e-30,0.9984194040298462,1.728726216202993e-20,3.9525727744679068e-25,2.2645106587437006e-35,0.0,0.0,0.0,1.319209794638142e-21,0.0,4.036165852248321e-38,0.0
0.0,0.0,0.0,0.0,0.0,0.0,6.817782016027563e-12,2.943973398394917e-10,0.0,1.0,1.8168354303545702e-36,0.0,0.0,0.0,0.0,0.0,1.7130525083312965e-37,0.0,0.0,0.0
0.0,0.0,0.0,0.0,0.0,0.0,1.0,0.0,0.0,3.686179982673003e-14,0.0,0.0,0.0,0.0,0.0,0.0,0.0,0.0,0.0,0.0
0.0,0.0,0.0,0.0,0.0,0.0,1.0,4.034600771185366e-33,0.0,1.5130528774331964e-11,4.587110445831209e-38,0.0,0.0,0.0,0.0,0.0,0.0,0.0,7.978197708465948e-32,0.0
0.0,0.0,0.0,0.0,0.0,0.0,1.0,0.0,0.0,4.7234286069101176e-17,0.0,0.0,0.0,0.0,0.0,0.0,0.0,0.0,4.4976674163791664e-23,0.0
0.0,0.0,0.0,0.0,0.0,0.0,1.0,0.0,0.0,7.914209329278702e-17,0.0,0.0,0.0,0.0,0.0,0.0,0.0,0.0,1.5028619082079894e-23,0.0
0.0,0.0,0.0,0.0,1.163950077942251e-33,0.0,0.0,0.9999998807907104,0.0,1.3559102285398694e-07,0.0,0.0,0.0,0.0,0.0,0.0,1.8610194247111769e-37,0.0,0.0,0.0
0.0,0.0,0.0,0.0,0.0,0.0,1.0,0.0,0.0,5.814683321298249e-17,0.0,0.0,0.0,0.0,0.0,0.0,0.0,0.0,6.75102192864439e-24,0.0
0.0,0.0,0.0,0.0,0.0,0.0,1.0,0.0,0.0,1.8101035723778154e-22,0.0,0.0,0.0,0.0,0.0,0.0,0.0,0.0,6.364977324136798e-38,0.0
0.0,0.0,0.0,0.0,0.0,0.0,0.9999923706054688,3.1372459903220183e-29,0.0,7.625229955010582e-06,0.0,0.0,0.0,0.0,0.0,0.0,0.0,0.0,0.0,0.0
0.0,0.0,0.0,0.0,0.0,0.0,8.307557116185582e-13,1.3365129315767721e-11,0.0,1.0,0.0,0.0,0.0,0.0,0.0,0.0,0.0,0.0,0.0,0.0
0.0,0.0,0.0,0.0,0.0,0.0,0.0,1.0,0.0,1.3407967012819252e-27,0.0,0.0,0.0,0.0,0.0,0.0,0.0,0.0,0.0,0.0
0.0,0.0,0.0,0.0,0.0,0.0,1.0,0.0,0.0,4.659665356304243e-16,0.0,0.0,0.0,0.0,0.0,0.0,0.0,0.0,0.0,0.0
0.0,0.0,0.0,0.0,0.0,0.0,1.0,0.0,0.0,2.0026899589023405e-17,0.0,0.0,0.0,0.0,0.0,0.0,0.0,0.0,2.3368441993926903e-21,0.0
0.0,0.0,0.0,0.0,2.0039724775936954e-26,1.0521009406244385e-37,9.317524182761439e-12,9.716484505872813e-09,3.599848313826281e-37,1.0,4.603135368351105e-29,1.983862346757589e-33,0.0,0.0,1.7939268908882094e-24,0.0,1.5062666497764422e-29,0.0,0.0,0.0
0.0,0.0,0.0,0.0,0.0,0.0,1.0,1.3906844692366352e-37,0.0,2.5947482010235667e-11,0.0,0.0,0.0,0.0,0.0,0.0,0.0,0.0,9.833523411336458e-37,0.0
0.0,0.0,0.0,0.0,0.0,0.0,1.5506424995644755e-32,0.9995911717414856,0.0,0.0004087912093382329,0.0,0.0,0.0,0.0,0.0,0.0,0.0,0.0,0.0,0.0
0.0,0.0,0.0,0.0,0.0,0.0,9.863088817896326e-11,3.187398533045088e-14,0.0,1.0,0.0,0.0,0.0,0.0,0.0,0.0,0.0,0.0,0.0,0.0
0.0,0.0,0.0,0.0,0.0,0.0,1.4213602663790825e-18,1.7651514694350112e-09,0.0,1.0,1.851238114981026e-33,0.0,0.0,0.0,0.0,0.0,5.365464526624155e-34,0.0,0.0,0.0
0.0,0.0,0.0,0.0,2.973621761297105e-19,0.0,0.0,1.0,0.0,7.0870605391182284e-12,0.0,0.0,0.0,0.0,0.0,0.0,2.2240884579618453e-37,0.0,0.0,0.0
0.0,0.0,0.0,0.0,3.530346712592699e-38,0.0,3.2506417567065467e-18,2.0934685380780138e-05,0.0,0.9999790191650391,1.0542194214939977e-31,2.4118178348382667e-37,0.0,0.0,0.0,0.0,5.733571849914001e-32,0.0,0.0,0.0
0.0,0.0,0.0,0.0,0.0,0.0,0.9999051094055176,1.5366379631463212e-29,0.0,9.48829620028846e-05,0.0,0.0,0.0,0.0,0.0,0.0,0.0,0.0,0.0,0.0
0.0,0.0,0.0,0.0,4.364591791925179e-29,0.0,4.501048684535158e-34,0.9998340606689453,0.0,0.0001658983965171501,3.670183631594198e-37,0.0,0.0,0.0,0.0,0.0,1.7713507440371446e-35,0.0,0.0,0.0
0.0,0.0,0.0,0.0,0.0,0.0,0.0,1.0,0.0,1.994300926003602e-35,0.0,0.0,0.0,0.0,0.0,0.0,0.0,0.0,0.0,0.0
0.0,0.0,0.0,0.0,0.0,0.0,1.0,0.0,0.0,6.040090038218949e-17,0.0,0.0,0.0,0.0,0.0,0.0,0.0,0.0,0.0,0.0
0.0,0.0,0.0,0.0,0.0,0.0,1.0,0.0,0.0,1.3183601108859248e-14,0.0,0.0,0.0,0.0,0.0,0.0,0.0,0.0,3.021120986380274e-32,0.0
0.0,0.0,0.0,0.0,0.0,0.0,0.051254794001579285,1.5799517629699292e-16,0.0,0.9487452507019043,8.242124573133582e-37,0.0,0.0,0.0,0.0,0.0,0.0,0.0,0.0,0.0
0.0,0.0,0.0,0.0,0.0,0.0,1.1666117535334617e-20,1.6952337411846275e-15,0.0,1.0,0.0,0.0,0.0,0.0,0.0,0.0,0.0,0.0,0.0,0.0
0.0,0.0,0.0,0.0,0.0,0.0,1.0,0.0,0.0,7.572129101088121e-24,0.0,0.0,0.0,0.0,0.0,0.0,0.0,0.0,1.1172835736361132e-16,0.0
0.0,0.0,0.0,0.0,0.0,0.0,1.693025386551028e-09,2.7131151058429337e-13,0.0,1.0,0.0,0.0,0.0,0.0,0.0,0.0,0.0,0.0,0.0,0.0
0.0,0.0,0.0,0.0,2.138819118326805e-30,0.0,0.0,1.0,0.0,8.321840626422384e-18,0.0,0.0,0.0,0.0,0.0,0.0,0.0,0.0,0.0,0.0
0.0,0.0,0.0,0.0,0.0,0.0,1.0,3.9029026746736174e-31,0.0,7.446147587408802e-10,6.219003502588696e-38,0.0,0.0,0.0,0.0,0.0,0.0,0.0,5.331903520059705e-33,0.0
0.0,0.0,0.0,0.0,0.0,0.0,1.3421150195280071e-17,1.0378445949754678e-05,0.0,0.9999896287918091,6.313127868447928e-34,0.0,0.0,0.0,0.0,0.0,8.84957422198624e-34,0.0,0.0,0.0
0.0,0.0,0.0,0.0,0.0,0.0,1.0,0.0,0.0,4.697184278362222e-14,0.0,0.0,0.0,0.0,0.0,0.0,0.0,0.0,4.831465325616789e-22,0.0
0.0,1.9669189915900275e-32,1.0273878482549372e-33,0.0,6.8673842177163e-28,5.405432078457835e-26,2.892312841140665e-05,3.607410323149679e-13,1.964575082890858e-29,0.9999710321426392,1.5089601501041461e-22,1.8780357336409394e-25,4.982618428702613e-36,0.0,2.1299050034524064e-13,0.0,1.156972433678448e-23,0.0,1.102117995103564e-31,0.0
0.0,0.0,0.0,0.0,0.00022053904831409454,0.0,0.0,0.9997766613960266,0.0,2.840091383404797e-06,0.0,0.0,0.0,0.0,2.026080097223705e-36,0.0,3.8677095981385915e-38,0.0,0.0,0.0
0.0,0.0,0.0,0.0,0.0,4.836417590166741e-33,0.9997636675834656,2.054546197139095e-22,0.0,0.00023639239952899516,2.6473748756111877e-29,5.00585922336602e-34,0.0,0.0,4.183851921850644e-23,0.0,1.355522956342812e-31,0.0,1.0212049316406043e-33,0.0
0.0,0.0,0.0,0.0,0.0,0.0,2.9103945053066127e-05,6.055149871092569e-14,0.0,0.9999709129333496,1.4140142621959431e-31,6.560272927993434e-38,0.0,0.0,0.0,0.0,6.602946459820644e-33,0.0,0.0,0.0
0.0,0.0,0.0,0.0,0.0,0.0,1.0,7.115658892082924e-33,0.0,4.6702391953701294e-11,2.523828777870098e-38,0.0,0.0,0.0,0.0,0.0,0.0,0.0,2.6460883299580545e-32,0.0
0.0,0.0,0.0,0.0,0.0,0.0,1.0290129628504487e-23,0.9858659505844116,7.147017334223507e-38,0.014134055934846401,3.9331633223033327e-29,2.1613734272510262e-34,0.0,0.0,0.0,0.0,6.049149991948466e-28,0.0,0.0,0.0
0.0,0.0,0.0,0.0,0.0,4.7406966833989866e-35,1.0,2.401396595709757e-27,0.0,5.167073435785596e-09,4.287513611714642e-31,1.702298271292805e-36,0.0,0.0,0.0,0.0,1.290756347366213e-33,0.0,5.247535578338667e-19,0.0
0.0,0.0,0.0,0.0,0.0,9.035654862927037e-35,2.396820264038979e-06,2.974898634182897e-14,0.0,0.999997615814209,6.385349952690424e-28,5.129272905890913e-33,0.0,0.0,0.0,0.0,5.943448095475068e-29,0.0,4.5255373913087765e-38,0.0
0.0,0.0,0.0,0.0,0.0,0.0,1.0,1.8829193113872588e-31,0.0,4.1946681683668885e-09,2.8715630903768816e-35,0.0,0.0,0.0,0.0,0.0,4.712975354156557e-38,0.0,1.4967268633378968e-18,0.0
0.0,0.0,0.0,0.0,0.0,0.0,0.9980263113975525,5.722575452910364e-31,0.0,0.0019736839458346367,0.0,0.0,0.0,0.0,0.0,0.0,0.0,0.0,0.0,0.0
0.0,0.0,0.0,0.0,0.0,0.0,1.0,0.0,0.0,1.0417996535151174e-17,0.0,0.0,0.0,0.0,0.0,0.0,0.0,0.0,4.256113474035061e-23,0.0
0.0,0.0,0.0,0.0,0.0,0.0,1.0,0.0,0.0,3.824067552361223e-18,0.0,0.0,0.0,0.0,0.0,0.0,0.0,0.0,1.5193417298643673e-31,0.0
0.0,0.0,0.0,0.0,0.0,7.315064317095044e-32,1.0,2.7039449864111767e-32,0.0,2.0670963205016157e-11,5.923041438313155e-31,4.5492309381071505e-36,0.0,0.0,4.918869088473495e-30,0.0,7.682742254339054e-34,0.0,1.3841078505549831e-08,0.0
0.0,0.0,0.0,0.0,0.0,0.0,1.8698284520723973e-06,7.440108589844827e-19,0.0,0.9999980926513672,2.9882071078230517e-33,2.4590290935037113e-38,0.0,0.0,0.0,0.0,1.1686947358923796e-34,0.0,0.0,0.0
0.0,2.8522910079341694e-37,0.0,0.0,1.4419423771325213e-12,3.634915231682081e-35,1.8211021793673462e-29,0.9999808073043823,8.051587262635242e-29,1.91950130101759e-05,6.061666360286146e-26,1.2944379786283203e-28,0.0,0.0,7.702541528133236e-36,0.0,1.5084552870134138e-24,0.0,0.0,0.0
0.0,0.0,0.0,0.0,0.0,0.0,5.242337265176654e-20,0.00034200819209218025,0.0,0.9996579885482788,1.8318716848391107e-34,0.0,0.0,0.0,0.0,0.0,3.4732859637849037e-34,0.0,0.0,0.0
0.0,0.0,0.0,0.0,0.0,0.0,1.0,0.0,0.0,6.46178762391248e-22,0.0,0.0,0.0,0.0,0.0,0.0,0.0,0.0,1.7825411328272725e-17,0.0
0.0,0.0,0.0,0.0,0.0,0.0,1.0,0.0,0.0,6.134475854245588e-19,0.0,0.0,0.0,0.0,0.0,0.0,0.0,0.0,2.5673433106006283e-14,0.0
0.0,0.0,0.0,0.0,2.516061022341847e-31,0.0,0.0,1.0,0.0,1.0033334840037211e-12,0.0,0.0,0.0,0.0,0.0,0.0,0.0,0.0,0.0,0.0
0.0,0.0,0.0,0.0,7.659684699002891e-26,0.0,0.0,1.0,0.0,1.1296674050901181e-34,0.0,0.0,0.0,0.0,0.0,0.0,0.0,0.0,0.0,0.0
0.0,0.0,0.0,0.0,0.0,0.0,3.3288892475891174e-11,1.0660587079769357e-08,0.0,1.0,9.648644241277529e-33,0.0,0.0,0.0,0.0,0.0,9.150948933017996e-34,0.0,0.0,0.0
0.0,0.0,0.0,0.0,0.0,1.303304198548264e-33,0.997980535030365,2.8294856429573166e-18,0.0,0.002019510604441166,7.062108253638488e-28,2.0563381856415065e-33,0.0,0.0,5.2630133062877805e-34,0.0,6.0087280175615426e-30,0.0,0.0,0.0
0.0,7.13248703502878e-36,3.625418367424202e-38,0.0,0.001215674332343042,1.3992092928830004e-34,1.7535748625453764e-28,0.9986528158187866,1.2788828683947366e-27,0.00013138614303898066,1.3516470939953915e-25,6.103882995038007e-28,0.0,0.0,2.7059019649282173e-24,0.0,3.26172547013789e-24,0.0,0.0,0.0
0.0,0.0,0.0,0.0,4.78741096091419e-36,0.0,0.0,0.9999985694885254,0.0,1.4139041013550013e-06,0.0,0.0,0.0,0.0,0.0,0.0,0.0,0.0,0.0,0.0
0.0,0.0,0.0,0.0,0.0,0.0,1.276531591071434e-18,1.1261477972368539e-08,0.0,1.0,2.757919329711566e-38,0.0,0.0,0.0,0.0,0.0,2.4277907876175967e-38,0.0,0.0,0.0
0.0,0.0,0.0,0.0,1.0844420865502492e-31,0.0,0.0,1.0,0.0,5.84639324799352e-12,0.0,0.0,0.0,0.0,0.0,0.0,0.0,0.0,0.0,0.0
0.0,0.0,0.0,0.0,0.0,0.0,1.4997675478367785e-14,1.1263876587008781e-07,0.0,0.9999998807907104,8.290579219626346e-30,1.7721987874469786e-35,0.0,0.0,0.0,0.0,1.043495551100655e-29,0.0,0.0,0.0
0.0,0.0,0.0,0.0,0.0,0.0,1.0,0.0,0.0,1.834146029500161e-11,0.0,0.0,0.0,0.0,0.0,0.0,0.0,0.0,3.375428454883372e-30,0.0
0.0,0.0,0.0,0.0,0.0,0.0,1.0,6.139137531288448e-33,0.0,2.2314615433227658e-10,0.0,0.0,0.0,0.0,0.0,0.0,0.0,0.0,4.3197150203907666e-35,0.0
0.0,0.0,0.0,0.0,0.0,1.5219591183094784e-37,1.0,1.4720412948002735e-30,0.0,9.93974486052096e-11,8.335212791554946e-34,0.0,0.0,0.0,0.0,0.0,9.361476405450143e-37,0.0,1.1481810324847804e-24,0.0
0.0,0.0,0.0,0.0,0.0,0.0,0.04091549292206764,6.271112236164088e-18,0.0,0.9590845704078674,7.211884561175874e-36,0.0,0.0,0.0,0.0,0.0,6.924914330224952e-38,0.0,0.0,0.0
0.0,0.0,0.0,0.0,0.0,0.0,1.0,7.76993941803133e-30,0.0,1.068941268833612e-09,2.4390998379544714e-36,0.0,0.0,0.0,0.0,0.0,0.0,0.0,0.0,0.0
0.0,0.0,0.0,0.0,0.0,0.0,0.07879564166069031,1.1810842800141e-19,0.0,0.9212043285369873,0.0,0.0,0.0,0.0,0.0,0.0,0.0,0.0,0.0,0.0
0.0,0.0,0.0,0.0,0.0,0.0,1.6309864876234515e-23,1.546808930941168e-10,0.0,1.0,0.0,0.0,0.0,0.0,0.0,0.0,0.0,0.0,0.0,0.0
0.0,0.0,0.0,0.0,0.0,0.0,5.510952239366856e-28,4.30661384598352e-05,0.0,0.9999569654464722,0.0,0.0,0.0,0.0,0.0,0.0,3.5262851891237e-38,0.0,0.0,0.0
0.0,0.0,0.0,0.0,2.4004894467388236e-20,0.0,0.0,1.0,0.0,4.3765796542416524e-10,0.0,0.0,0.0,0.0,0.0,0.0,0.0,0.0,0.0,0.0
0.0,0.0,0.0,0.0,4.35122389508269e-11,0.0,0.0,1.0,0.0,2.9669033993458966e-26,0.0,0.0,0.0,0.0,0.0,0.0,0.0,0.0,0.0,0.0
0.0,0.0,0.0,0.0,0.0,0.0,0.09490641951560974,1.6544255383986813e-18,0.0,0.9050935506820679,2.7706159345774274e-36,0.0,0.0,0.0,0.0,0.0,5.29009003733979e-38,0.0,0.0,0.0
0.0,0.0,0.0,0.0,0.0,0.0,1.0,0.0,0.0,1.9430483155606637e-13,0.0,0.0,0.0,0.0,0.0,0.0,0.0,0.0,4.8633962875440666e-31,0.0
0.0,0.0,0.0,0.0,0.0,0.0,1.0,0.0,0.0,1.7447016054106257e-11,0.0,0.0,0.0,0.0,0.0,0.0,0.0,0.0,0.0,0.0
0.0,0.0,0.0,0.0,0.0,0.0,1.0,0.0,0.0,3.406781403107822e-17,0.0,0.0,0.0,0.0,0.0,0.0,0.0,0.0,2.473753933731097e-34,0.0
0.0,0.0,0.0,0.0,1.617779660234575e-10,7.616426535880577e-38,1.8471945521674417e-34,0.9999997615814209,7.69942104172776e-30,2.1765072233392857e-07,9.634874769875302e-28,6.918217212668457e-30,0.0,0.0,1.2284172459763814e-37,0.0,8.086071413845835e-26,0.0,0.0,0.0
0.0,0.0,0.0,0.0,2.0341030904091895e-06,0.0,0.0,0.9999979734420776,0.0,1.5253900009476532e-31,0.0,0.0,0.0,0.0,0.0,0.0,0.0,0.0,0.0,0.0
0.0,0.0,0.0,0.0,0.0,0.0,1.0,4.809424474616519e-34,0.0,3.650702570107134e-12,5.371620945110522e-37,0.0,0.0,0.0,0.0,0.0,0.0,0.0,2.2675642637509698e-23,0.0
0.0,0.0,0.0,0.0,0.0,9.703697256460219e-37,1.0,5.2449341113366375e-34,0.0,3.910555906871949e-12,1.8999950263003681e-34,0.0,0.0,0.0,3.2583866302722385e-38,0.0,1.6191656233254109e-37,0.0,3.679187397468152e-16,0.0
0.0,0.0,0.0,0.0,0.0,0.0,0.9992772936820984,2.669559021540106e-21,0.0,0.0007226682500913739,9.113449744871803e-33,0.0,0.0,0.0,0.0,0.0,5.814064509761003e-35,0.0,0.0,0.0
0.0,0.0,0.0,0.0,0.0,0.0,1.0,3.725057414470325e-38,0.0,1.503437267258781e-13,0.0,0.0,0.0,0.0,0.0,0.0,0.0,0.0,1.561632960321641e-30,0.0
0.0,0.0,0.0,0.0,0.0,0.0,0.4067777395248413,3.499632757739144e-17,0.0,0.5932222604751587,4.846533935875891e-35,0.0,0.0,0.0,2.659507479593454e-32,0.0,1.7272394781918752e-37,0.0,0.0,0.0
0.0,0.0,0.0,0.0,2.1419057662491053e-15,0.0,8.168604753459419e-26,0.9668662548065186,3.3614142008554577e-35,0.03313372656702995,1.078276266031881e-29,1.1293148715792416e-33,0.0,0.0,2.0136622599642468e-30,0.0,7.35447224328687e-29,0.0,0.0,0.0
0.0,1.719861646947974e-30,2.172829896213186e-32,0.0,1.2944840987008255e-18,1.083365484150557e-26,4.0976404669552935e-16,0.8237456679344177,5.805686912998717e-24,0.17625437676906586,3.9640707661679666e-19,3.5110290479085325e-22,1.145497663534722e-34,0.0,5.8423705524004034e-30,0.0,1.0304241623337116e-18,0.0,0.0,0.0
0.0,0.0,0.0,0.0,0.0,0.0,0.0,1.0,0.0,3.3943394876771904e-33,0.0,0.0,0.0,0.0,0.0,0.0,0.0,0.0,0.0,0.0
0.0,0.0,0.0,0.0,9.4632574605654e-24,0.0,0.0,1.0,0.0,7.723070693326196e-23,0.0,0.0,0.0,0.0,0.0,0.0,0.0,0.0,0.0,0.0
0.0,0.0,0.0,0.0,1.473644394806953e-20,0.0,0.0,1.0,0.0,5.060280666713268e-11,0.0,0.0,0.0,0.0,0.0,0.0,5.3626122775430706e-37,0.0,0.0,0.0
0.0,0.0,0.0,0.0,2.742676733691842e-37,0.0,1.6089089025262952e-21,0.5120962262153625,2.9032950882854818e-36,0.4879038333892822,5.078405225744496e-28,4.470464158236685e-33,0.0,0.0,0.0,0.0,5.4213429561003956e-27,0.0,0.0,0.0
0.0,0.0,0.0,0.0,0.0,0.0,0.0,1.0,0.0,4.3523391713788233e-17,0.0,0.0,0.0,0.0,0.0,0.0,0.0,0.0,0.0,0.0
0.0,0.0,0.0,0.0,2.4335172553222472e-26,0.0,0.0,1.0,0.0,5.00130540513726e-38,0.0,0.0,0.0,0.0,0.0,0.0,0.0,0.0,0.0,0.0
0.0,0.0,0.0,0.0,0.0,0.0,1.0,2.0432545151113952e-27,0.0,3.231087930544163e-08,1.3734521912755686e-34,0.0,0.0,0.0,0.0,0.0,7.0371451089598664e-37,0.0,3.237659520218963e-37,0.0
0.0,0.0,0.0,0.0,1.681718759564639e-31,0.0,1.9587281595808785e-35,0.313287615776062,0.0,0.686712384223938,0.0,0.0,0.0,0.0,0.0,0.0,1.1691538676347877e-37,0.0,0.0,0.0
0.0,0.0,0.0,0.0,0.0,0.0,1.0,5.3835709048821604e-33,0.0,4.478427628740178e-10,8.839795968476829e-38,0.0,0.0,0.0,0.0,0.0,0.0,0.0,3.7635105609146916e-29,0.0
0.0,0.0,0.0,0.0,0.0,3.4676417541910336e-34,1.0,1.8334470893843146e-29,0.0,1.8458264083864862e-10,2.3756975928988595e-31,1.203110827066345e-36,0.0,0.0,1.6722773064882695e-31,0.0,4.421127466471224e-34,0.0,2.9201809823412925e-19,0.0
0.0,9.302605153018341e-35,8.807923603061577e-37,0.0,3.182605004189987e-14,6.51496585044938e-33,6.73853305257148e-27,1.0,2.4753877426852034e-26,4.7750926768230784e-08,2.5362501302970654e-23,3.679210592244658e-26,0.0,0.0,0.0,0.0,4.966857081017764e-22,0.0,0.0,0.0
0.0,0.0,0.0,0.0,4.2213493205750575e-23,2.073247625960337e-34,3.43913102807279e-21,0.10631678998470306,5.2658122024181265e-31,0.8936832547187805,2.4143134842905314e-25,1.1066637812810751e-28,0.0,0.0,3.498612127326614e-35,0.0,1.4901707731293617e-24,0.0,0.0,0.0
0.0,0.0,0.0,0.0,0.0,1.793270872519318e-35,0.9843783974647522,8.9974683901245e-38,0.0,2.767450439818131e-13,5.096329355284882e-35,0.0,0.0,0.0,0.0,0.0,1.7672785269793046e-38,0.0,0.015621623024344444,0.0
5.498156716667875e-34,7.187625248863585e-27,7.609821063110344e-28,7.359346952532046e-32,0.0,4.215677524262489e-20,0.9999395608901978,4.036496632651578e-18,3.3432208660154294e-26,6.041460801498033e-05,3.478720473800946e-19,3.666568689482087e-22,2.3980488672432252e-26,7.869499378503426e-34,5.31817214975975e-19,5.0325352309480084e-33,7.050158911604622e-21,0.0,1.6008772085740475e-10,9.304710022590282e-34
9.46941898667647e-38,1.4408636878499111e-25,4.1847287610846174e-27,2.4419531955186928e-36,0.3050834536552429,5.612620232238312e-26,6.195065281586546e-27,0.6949148774147034,6.360898064615168e-20,1.6824149042804493e-06,1.0790121957531024e-19,1.275695469799682e-20,2.52956686468562e-32,2.506172977738991e-37,4.215295437905323e-21,9.286445728891844e-37,2.0208502129425747e-18,6.2226059062172324e-21,0.0,5.484118867384675e-38
3.196272842666991e-25,7.35369784957848e-17,1.3368650696162555e-17,5.952800399922026e-24,0.0008384773973375559,1.6084893088145515e-15,1.0634812475096567e-11,0.10202194005250931,8.149104085758072e-14,0.8971394300460815,3.1509443491894995e-12,6.778383193281612e-13,1.094037398436374e-20,3.3861390900830114e-25,7.52361373201893e-08,3.692456737808725e-24,4.792059544317384e-12,1.6154175618670588e-17,5.51990400500656e-33,2.798034903593629e-25
3.837009163343923e-30,1.0866475413272357e-21,4.829001555237602e-22,1.2545275342438913e-28,4.451051680010032e-11,1.680634937053183e-19,1.1260452570382995e-09,4.1857047884154286e-13,1.1587227607793073e-20,2.7130085982207675e-06,3.2114199539865792e-18,7.329869195634119e-19,3.1574140475138696e-25,1.8088557851809316e-30,0.9999972581863403,2.0611831895566905e-28,7.887354807294592e-19,3.833983754770417e-21,3.3725571239664016e-25,5.216277434711764e-30
0.0,4.433399442900053e-27,9.05201614633081e-28,1.0779503458738193e-36,2.9432939596196726e-19,3.0126396021998704e-22,1.144294765254017e-05,1.626954647393486e-12,6.271329811675787e-25,0.9980400204658508,4.2437932640361955e-20,1.1690376383943582e-21,6.288894776899238e-31,0.0,0.0019485942320898175,4.684955102167795e-37,6.177459939347737e-21,5.071201097237392e-34,3.608197518445937e-25,0.0
1.6221831445302374e-31,6.047011296819403e-25,1.5883259499009406e-25,1.3889684883666452e-29,1.7813672083127294e-32,3.3438336822755725e-19,0.9999667406082153,4.4662195458122904e-20,3.7818428134983506e-25,1.4111097925706417e-06,3.472119572512773e-19,1.3584145407969435e-21,5.654610681925644e-25,1.011610807562002e-31,3.957068006599229e-10,2.741894175835383e-30,5.386588032041812e-21,3.096125774512207e-36,3.188097616657615e-05,2.8383232688175177e-31
0.0,9.933124747499268e-31,1.407972309394793e-32,0.0,3.509014309374476e-18,1.2075210972758646e-27,8.406283559587665e-21,0.9962267875671387,8.17737316428808e-24,0.003773238742724061,5.1200134084514e-20,1.3467978634590802e-22,4.7656644589169405e-35,0.0,1.073254581715817e-34,0.0,3.972927027095054e-19,0.0,0.0,0.0
0.0,0.0,0.0,0.0,0.0,4.8504796617436436e-32,3.5500959949530397e-09,2.0379953280524887e-09,2.2472462742322195e-34,1.0,3.1934716468963576e-25,7.159751397186152e-30,0.0,0.0,9.729685266943303e-36,0.0,4.7797415048035495e-26,0.0,0.0,0.0
5.9653597588642626e-36,4.256995141498368e-28,6.078839165006168e-29,1.0174174521080564e-33,3.5578692682084835e-36,1.1559923781333504e-21,0.9999998807907104,1.0877157473453263e-22,1.0214059922792118e-28,6.136991004268566e-08,8.488481603734246e-22,1.3133361627409462e-24,2.2734738732428775e-28,2.8490734024523253e-36,4.407927634009212e-10,2.720952819280591e-34,4.835258231957964e-24,2.995053277609793e-37,3.8413098479850305e-08,1.163123320278511e-35
3.689047090920558e-35,7.568432597493869e-25,3.1942876248951956e-26,4.162624779288383e-34,0.9635932445526123,3.3086092856500664e-26,3.8062484510134134e-29,3.6396567537622104e-08,1.691998851744981e-21,4.947265687393898e-12,1.3767028861784122e-22,1.0388489697105055e-22,1.3918887548764608e-31,2.63708669268482e-35,8.179427968268982e-11,1.6203311678741963e-33,8.927642615372445e-22,0.03640681505203247,0.0,3.1238868557894723e-35
1.7359330272898613e-20,3.2138977893933496e-14,5.243141990317118e-15,3.5903479804770944e-19,4.994989339680844e-13,2.2611894995305803e-11,0.027046510949730873,8.255941565948888e-07,2.1310144133254022e-13,0.9693770408630371,2.0990040261459342e-10,9.321645018378621e-12,6.316669853601324e-16,1.4619806634938153e-20,0.0035756449215114117,2.3337634362870704e-19,3.8499505666811373e-11,2.9634834083219763e-13,1.59478024996983e-14,2.3571768481488692e-20
3.738209930754445e-25,2.4303220200364115e-16,2.2443377054060292e-17,9.550374525772578e-24,1.1437625289545394e-05,7.213738307599356e-15,4.91237450717108e-08,3.7490444810828194e-05,1.3536522468530435e-14,0.21103598177433014,7.982757250363237e-13,7.145873519645574e-14,2.2404165888366014e-20,2.4008333305345016e-25,0.7889140844345093,1.3548419412184913e-23,3.93879292246227e-13,9.204139246321574e-07,9.164248750875004e-30,4.231908914044733e-25
4.066297121137231e-36,1.2935499227013137e-26,6.780089035574518e-28,2.1990580657022728e-35,0.15044033527374268,5.356067147679912e-29,1.2927104517520553e-35,3.685109439821588e-10,4.659592161228452e-23,4.1309095388432783e-16,2.9987625330793787e-25,7.064752798119305e-25,1.467630870118031e-33,3.5450643149453605e-36,4.4052719807884187e-16,1.2436575259300035e-34,5.175907303494122e-24,0.8495596647262573,0.0,3.096332763110969e-36
0.0,0.0,0.0,0.0,1.9926011921667928e-32,4.180713746110289e-36,1.3479276148272744e-24,0.03212984651327133,5.299561629706753e-33,0.9678701758384705,1.0114850793569611e-26,6.481809762750539e-30,0.0,0.0,0.0,0.0,1.4258413110241742e-25,0.0,0.0,0.0
1.6016908690617876e-31,6.429495066331843e-22,1.0925842181991159e-22,8.782913869569946e-30,4.086433340148854e-13,8.271787513966494e-19,1.3834633438847277e-10,5.089402748126304e-06,6.750360417152305e-19,0.9999948740005493,6.962260366548422e-16,6.540084984304792e-17,2.0101186593066195e-25,2.0886639717218523e-31,1.5283080356809364e-10,2.96882947283225e-30,6.464042469116139e-16,1.651926812678495e-26,1.398652756258098e-29,1.937292155232849e-31
0.0,5.430485441842899e-28,3.782088863567291e-29,0.0,1.555258313601371e-05,2.921539583212613e-26,1.9263002593619738e-22,0.9489029049873352,1.0155502973518267e-21,0.051081571727991104,6.481837040049249e-20,7.689825595668835e-21,3.983973515192396e-34,0.0,1.2174696287148349e-19,0.0,9.002337921336843e-19,6.468545096399054e-36,0.0,0.0
0.0,0.0,0.0,0.0,1.832488111688959e-30,0.0,0.0,1.0,0.0,2.415218780527084e-08,1.2251884301068228e-37,0.0,0.0,0.0,0.0,0.0,9.524372952971764e-35,0.0,0.0,0.0
0.0,0.0,0.0,0.0,2.7407458941787824e-34,0.0,0.0,1.0,0.0,2.9782551101007443e-18,0.0,0.0,0.0,0.0,0.0,0.0,0.0,0.0,0.0,0.0
0.0,0.0,0.0,0.0,0.9703968167304993,0.0,0.0,0.029603205621242523,0.0,0.0,0.0,0.0,0.0,0.0,0.0,0.0,0.0,0.0,0.0,0.0
1.1168027407317763e-31,1.9072884216397647e-25,5.354080315015858e-26,9.849369740568151e-30,3.888155630140699e-35,4.24030773173005e-19,0.9999700784683228,2.5552254322640816e-17,9.762052136268474e-25,2.996956027345732e-05,4.614433250981659e-18,1.2798077045109356e-20,1.0168485107551917e-24,1.416701794930228e-31,1.9425711337264765e-17,6.561266692137309e-31,1.099436254429317e-19,0.0,2.3712765084837883e-08,1.673746086679622e-31
2.8299412643784685e-19,6.9694844987973174e-15,3.867990353196866e-15,4.123877097429536e-18,7.983232588312577e-17,1.473448273114908e-11,0.9530912637710571,5.961540949783739e-08,9.951163970536164e-14,0.046908631920814514,4.71491068410046e-10,1.7210163849590288e-11,4.836320959596824e-15,3.533815613981865e-19,4.416805254869871e-10,7.432219354752602e-19,8.455320471556504e-11,8.478585905305902e-31,3.25748095164613e-10,2.9176797949640853e-19
0.0,3.8715289655490407e-31,3.559521055880692e-33,0.0,1.160676539233562e-30,1.186817935856405e-25,5.035161198575777e-13,1.4284371900430415e-05,6.131208146866872e-26,0.9999856948852539,4.63125403336141e-20,2.6404362522270528e-23,6.555680107480568e-34,0.0,2.6096820944187375e-32,0.0,3.9112895991271796e-20,0.0,0.0,0.0
1.746536647240215e-38,1.1104963310890498e-31,1.1839263187375296e-32,3.704283388944464e-36,0.0,1.3433883119634064e-23,0.9999988079071045,4.086328060703304e-19,9.642944657083527e-30,1.1348977295710938e-06,4.282185188113096e-21,5.23457774863619e-25,9.527184230363702e-30,6.159640015484811e-38,5.411448429321163e-31,2.125663692086998e-38,7.765780253823586e-23,0.0,1.0311130272636256e-14,2.160835302632626e-38
0.0,0.0,0.0,0.0,0.0,2.956493252069523e-29,1.0,2.0163178426116132e-26,7.274469353189549e-38,1.703559293630974e-09,3.5890066588485685e-27,5.506681456801336e-32,5.747101222807777e-37,0.0,1.3994836514277724e-34,0.0,1.1766400534442826e-29,0.0,3.82423774722071e-13,0.0
0.0,0.0,0.0,0.0,0.0,0.0,0.9999997615814209,0.0,0.0,4.1621613943227514e-19,0.0,0.0,0.0,0.0,0.0,0.0,0.0,0.0,2.2200191551746684e-07,0.0
